id,firstname,lastname,email,email2,profession,Field Name
100,Carol-Jean,Christal,Carol-Jean.Christal@yopmail.com,Carol-Jean.Christal@gmail.com,police officer,BpHSZKfgtuOXBMMygPRyEkWU
101,Estell,Merriott,Estell.Merriott@yopmail.com,Estell.Merriott@gmail.com,doctor,tvBtMREJh
102,Donetta,Ardra,Donetta.Ardra@yopmail.com,Donetta.Ardra@gmail.com,police officer,RJroTBqFXavCxopGxs
103,Rubie,Stephie,Rubie.Stephie@yopmail.com,Rubie.Stephie@gmail.com,police officer,TGTEehhILxpHBkRMfJ
104,Bibby,Meli,Bibby.Meli@yopmail.com,Bibby.Meli@gmail.com,firefighter,InGs HigeDsBbLyMbz
105,Orsola,Anastatius,Orsola.Anastatius@yopmail.com,Orsola.Anastatius@gmail.com,developer,LlBDGAa
106,Marinna,Vins,Marinna.Vins@yopmail.com,Marinna.Vins@gmail.com,police officer,VbFlmfcsYDYmVfeQbzl
107,Nataline,Paine,Nataline.Paine@yopmail.com,Nataline.Paine@gmail.com,worker,kWqZFev
108,Corly,An,Corly.An@yopmail.com,Corly.An@gmail.com,developer,KHjBEJcHeCzxTEzRaruuTcRZ
109,Sibella,Cyrie,Sibella.Cyrie@yopmail.com,Sibella.Cyrie@gmail.com,firefighter,PLoJfyMoWL OVx
110,Petronia,Wallis,Petronia.Wallis@yopmail.com,Petronia.Wallis@gmail.com,doctor,mnZyNhFnHzUeWAuNGrRMEa
111,Ida,Estella,Ida.Estella@yopmail.com,Ida.Estella@gmail.com,firefighter,EAyUBYLnpyimcBig
112,Abbie,Berl,Abbie.Berl@yopmail.com,Abbie.Berl@gmail.com,worker,QOqDfsxNhMvsFuI
113,Rochette,Delacourt,Rochette.Delacourt@yopmail.com,Rochette.Delacourt@gmail.com,worker,yBolcCodDlQag
114,Rori,Wilkinson,Rori.Wilkinson@yopmail.com,Rori.Wilkinson@gmail.com,developer,EwGVCc
115,Selma,Paton,Selma.Paton@yopmail.com,Selma.Paton@gmail.com,doctor,xwqMZPscYATSfFUcD
116,Eugine,Cornelia,Eugine.Cornelia@yopmail.com,Eugine.Cornelia@gmail.com,doctor,JiXdhXxlz
117,Millie,Wenoa,Millie.Wenoa@yopmail.com,Millie.Wenoa@gmail.com,worker,JLlW
118,Nanete,Gower,Nanete.Gower@yopmail.com,Nanete.Gower@gmail.com,developer,"  bdyxoQLpJaVXPZxRT"
119,Tybie,Kannry,Tybie.Kannry@yopmail.com,Tybie.Kannry@gmail.com,police officer,HO
120,Merci,Solitta,Merci.Solitta@yopmail.com,Merci.Solitta@gmail.com,firefighter,LqHFJIqfn
121,Karena,Christal,Karena.Christal@yopmail.com,Karena.Christal@gmail.com,police officer,sIdpGKdkBTyJgnkpVOc
122,Emilia,Earlie,Emilia.Earlie@yopmail.com,Emilia.Earlie@gmail.com,police officer,QnnWMFpQBMpSwQCepHv
123,Chloris,Vins,Chloris.Vins@yopmail.com,Chloris.Vins@gmail.com,developer,ZHdnzNk
124,Kayla,McNully,Kayla.McNully@yopmail.com,Kayla.McNully@gmail.com,police officer,nvC c
125,Queenie,Rese,Queenie.Rese@yopmail.com,Queenie.Rese@gmail.com,doctor,NWUmXChB FHFgmlgYl
126,Maryellen,Helve,Maryellen.Helve@yopmail.com,Maryellen.Helve@gmail.com,worker,gwTF
127,Nanete,Noelyn,Nanete.Noelyn@yopmail.com,Nanete.Noelyn@gmail.com,doctor,cs
128,Dania,Lissi,Dania.Lissi@yopmail.com,Dania.Lissi@gmail.com,worker,RBE
129,Lucy,Albertine,Lucy.Albertine@yopmail.com,Lucy.Albertine@gmail.com,doctor,UdZoqDl wCZSFI wifQvles
130,Esmeralda,Darrell,Esmeralda.Darrell@yopmail.com,Esmeralda.Darrell@gmail.com,worker,NkZ
131,Penelopa,Sperling,Penelopa.Sperling@yopmail.com,Penelopa.Sperling@gmail.com,worker,f x MWTWTmdenBFucQIhIw
132,Raquela,Schroth,Raquela.Schroth@yopmail.com,Raquela.Schroth@gmail.com,firefighter,rGhFLMHUtDLkHlbbRpSNxOvq
133,Briney,Anyah,Briney.Anyah@yopmail.com,Briney.Anyah@gmail.com,police officer,MjPmOTCnivJlZeUrFMaCukYQf
134,Selma,Nester,Selma.Nester@yopmail.com,Selma.Nester@gmail.com,worker,YxHZzEImjjjNIYKRahti
135,Valera,Dreda,Valera.Dreda@yopmail.com,Valera.Dreda@gmail.com,worker,HSBbhmctheLnzpKtAfqnsa
136,Talya,Kronfeld,Talya.Kronfeld@yopmail.com,Talya.Kronfeld@gmail.com,worker,LQNPgqmEUwOOBxnN
137,Georgina,Macey,Georgina.Macey@yopmail.com,Georgina.Macey@gmail.com,firefighter,ejHJoAvNJhDbRkIDf
138,Lorenza,Nester,Lorenza.Nester@yopmail.com,Lorenza.Nester@gmail.com,police officer,tIKraN
139,Kial,Mott,Kial.Mott@yopmail.com,Kial.Mott@gmail.com,developer,yNJKIe
140,Claresta,Bobbee,Claresta.Bobbee@yopmail.com,Claresta.Bobbee@gmail.com,firefighter,ewTRZyMYpe KYoqSdyv
141,Elyssa,Katrine,Elyssa.Katrine@yopmail.com,Elyssa.Katrine@gmail.com,firefighter,GzdpnTS
142,Michaelina,Obed,Michaelina.Obed@yopmail.com,Michaelina.Obed@gmail.com,firefighter,DJqvCkl aEhlmUusGknXuwDyl
143,Rebeca,Taam,Rebeca.Taam@yopmail.com,Rebeca.Taam@gmail.com,worker,OB
144,Agnese,Diann,Agnese.Diann@yopmail.com,Agnese.Diann@gmail.com,police officer,xVuvwAuXMfKfcfKq
145,Karly,Kannry,Karly.Kannry@yopmail.com,Karly.Kannry@gmail.com,firefighter,HUqftafwJRypSTA
146,Sallie,Ricki,Sallie.Ricki@yopmail.com,Sallie.Ricki@gmail.com,doctor,fkJBlbC
147,Wileen,Geffner,Wileen.Geffner@yopmail.com,Wileen.Geffner@gmail.com,doctor,vtJEzTUrNW
148,Julieta,Vary,Julieta.Vary@yopmail.com,Julieta.Vary@gmail.com,police officer,qfbsLDzyBNbxJIZZIAHkezXz
149,Janey,Dermott,Janey.Dermott@yopmail.com,Janey.Dermott@gmail.com,police officer,qwNyi
150,Chastity,Burch,Chastity.Burch@yopmail.com,Chastity.Burch@gmail.com,developer,zQussuT
151,Sarette,Curren,Sarette.Curren@yopmail.com,Sarette.Curren@gmail.com,police officer,GdomQMNcxMnwEONu
152,Ingrid,Corrine,Ingrid.Corrine@yopmail.com,Ingrid.Corrine@gmail.com,developer,HVfYKlYbabskgclCaDWtUbLsW
153,Jeanna,Sibyls,Jeanna.Sibyls@yopmail.com,Jeanna.Sibyls@gmail.com,firefighter,QVIcHhyGEVsVbSdNTpCHEYo
154,Selia,Cottle,Selia.Cottle@yopmail.com,Selia.Cottle@gmail.com,police officer,BcziBcRcAvbeeTXsPM
155,Mignon,Dahlia,Mignon.Dahlia@yopmail.com,Mignon.Dahlia@gmail.com,developer,atvYmjELUqETkIaTelWSEtmzCx
156,Janenna,Dash,Janenna.Dash@yopmail.com,Janenna.Dash@gmail.com,worker,IhQsNCStLK
157,Noelle,Curren,Noelle.Curren@yopmail.com,Noelle.Curren@gmail.com,worker,xGcGazPGMPaQMh
158,Helsa,Berard,Helsa.Berard@yopmail.com,Helsa.Berard@gmail.com,developer,SUfzFoxbR
159,Carmela,Girardo,Carmela.Girardo@yopmail.com,Carmela.Girardo@gmail.com,police officer,j vnxzwPrlArtLnK
160,Blondelle,Ader,Blondelle.Ader@yopmail.com,Blondelle.Ader@gmail.com,police officer,mkzrQaQYQTxwZyQW
161,Alex,Posner,Alex.Posner@yopmail.com,Alex.Posner@gmail.com,firefighter,PapvoHoMApOKYbXqDWtbwoMvdp
162,Taffy,McCutcheon,Taffy.McCutcheon@yopmail.com,Taffy.McCutcheon@gmail.com,firefighter,ETPaCtGo AEnlORpUD
163,Tybie,Madaih,Tybie.Madaih@yopmail.com,Tybie.Madaih@gmail.com,developer,TzOLnHEfgGqZRgQiPySwbn
164,Darci,Raffo,Darci.Raffo@yopmail.com,Darci.Raffo@gmail.com,police officer,ASLhGstP
165,Kimmy,Lilybelle,Kimmy.Lilybelle@yopmail.com,Kimmy.Lilybelle@gmail.com,worker,MeViToP
166,Sarette,Anis,Sarette.Anis@yopmail.com,Sarette.Anis@gmail.com,firefighter,BWbzBxLisoVoyDGpUBppAsR
167,Kirbee,Heisel,Kirbee.Heisel@yopmail.com,Kirbee.Heisel@gmail.com,worker,yiWficyVoRQBKqyFSlNU
168,Riannon,Felecia,Riannon.Felecia@yopmail.com,Riannon.Felecia@gmail.com,worker,CYtF
169,Fayre,Gabrielli,Fayre.Gabrielli@yopmail.com,Fayre.Gabrielli@gmail.com,firefighter,SMumYbqAhYyZfZAlRemt
170,Karina,Guthrie,Karina.Guthrie@yopmail.com,Karina.Guthrie@gmail.com,doctor,UtsjjWMEVvL jqatJBjJ
171,Lusa,Bennie,Lusa.Bennie@yopmail.com,Lusa.Bennie@gmail.com,doctor,"IdeiwlPEXZBj RO "
172,Collen,Adore,Collen.Adore@yopmail.com,Collen.Adore@gmail.com,worker,BHvFqnPKKMRrlypDtGu
173,Delilah,Wiener,Delilah.Wiener@yopmail.com,Delilah.Wiener@gmail.com,doctor,JaNZdlkLYKTjBzHla
174,Tiffie,Jotham,Tiffie.Jotham@yopmail.com,Tiffie.Jotham@gmail.com,worker,PGtcrzEE
175,Linet,Bearnard,Linet.Bearnard@yopmail.com,Linet.Bearnard@gmail.com,firefighter,aZ
176,Lesly,Kiyoshi,Lesly.Kiyoshi@yopmail.com,Lesly.Kiyoshi@gmail.com,police officer,kQQZgFduVSpfpbuR ITZcV
177,Emylee,McLaughlin,Emylee.McLaughlin@yopmail.com,Emylee.McLaughlin@gmail.com,police officer,WcNeOEYBiqn
178,Sheelagh,Gert,Sheelagh.Gert@yopmail.com,Sheelagh.Gert@gmail.com,police officer,FQqhzXVDJMKaVgAfKol
179,Cissiee,Argus,Cissiee.Argus@yopmail.com,Cissiee.Argus@gmail.com,worker,AngiTpJcCjDOhexfg
180,Robinia,Docilla,Robinia.Docilla@yopmail.com,Robinia.Docilla@gmail.com,police officer,"qmshwa "
181,Berta,Therine,Berta.Therine@yopmail.com,Berta.Therine@gmail.com,developer,IxjbGnDfkja QyBEgprmwrUqw
182,Brianna,Syd,Brianna.Syd@yopmail.com,Brianna.Syd@gmail.com,worker,cSphoK
183,Tabbatha,Ferrell,Tabbatha.Ferrell@yopmail.com,Tabbatha.Ferrell@gmail.com,doctor,ReTtUUynudGp x
184,Dorice,Carolin,Dorice.Carolin@yopmail.com,Dorice.Carolin@gmail.com,developer,NEsxhqcnJLwlEKdKWgwqjV
185,Peri,Bivins,Peri.Bivins@yopmail.com,Peri.Bivins@gmail.com,police officer,ddmke
186,Trudie,Vary,Trudie.Vary@yopmail.com,Trudie.Vary@gmail.com,doctor,fdfamkHHtSZzeLinrkBskU
187,Elfreda,Breed,Elfreda.Breed@yopmail.com,Elfreda.Breed@gmail.com,worker,HRRWDuGKRqkqWMBwLdlM
188,Latisha,Carvey,Latisha.Carvey@yopmail.com,Latisha.Carvey@gmail.com,doctor,QqKu
189,Renie,Tjon,Renie.Tjon@yopmail.com,Renie.Tjon@gmail.com,police officer,Zxq
190,Livvyy,Frendel,Livvyy.Frendel@yopmail.com,Livvyy.Frendel@gmail.com,police officer,IlmMhEcIpwlf
191,Shirlee,Meter,Shirlee.Meter@yopmail.com,Shirlee.Meter@gmail.com,developer,SMyamfrcryMSUCVIIEv
192,Danika,Taima,Danika.Taima@yopmail.com,Danika.Taima@gmail.com,firefighter,HBGX brwYgO JyFvG
193,Cathie,Helfand,Cathie.Helfand@yopmail.com,Cathie.Helfand@gmail.com,worker,WIgbzuTv gjj
194,Hermione,Skell,Hermione.Skell@yopmail.com,Hermione.Skell@gmail.com,police officer,LNXptsxUuYBQ
195,Fina,Nea,Fina.Nea@yopmail.com,Fina.Nea@gmail.com,worker,jmSEoJdwrqHatnOWMxkbIdxrD
196,Viki,Joachim,Viki.Joachim@yopmail.com,Viki.Joachim@gmail.com,firefighter,JXOT
197,Madeleine,Wolfgram,Madeleine.Wolfgram@yopmail.com,Madeleine.Wolfgram@gmail.com,police officer,IASsJKazOUUcigOjiZoLj
198,Camile,Daniele,Camile.Daniele@yopmail.com,Camile.Daniele@gmail.com,doctor,NpnlRrPyLw
199,Jessamyn,Bury,Jessamyn.Bury@yopmail.com,Jessamyn.Bury@gmail.com,developer,EDQpDyoJVRATVWguhw
200,Kristan,Cosenza,Kristan.Cosenza@yopmail.com,Kristan.Cosenza@gmail.com,developer,nNKldtck
201,Emelina,Schlosser,Emelina.Schlosser@yopmail.com,Emelina.Schlosser@gmail.com,police officer,vVtNoLDcFkcXrhQ
202,Abbie,Salchunas,Abbie.Salchunas@yopmail.com,Abbie.Salchunas@gmail.com,developer,XKCyDCaLYoUciaUlBzX YigxtX
203,Nariko,Dulciana,Nariko.Dulciana@yopmail.com,Nariko.Dulciana@gmail.com,worker,RknIIkkYcvw
204,Romona,Montgomery,Romona.Montgomery@yopmail.com,Romona.Montgomery@gmail.com,developer,kBVCl
205,Rosanne,Felecia,Rosanne.Felecia@yopmail.com,Rosanne.Felecia@gmail.com,developer,qWufAjExHgVBZzrDQL
206,Jemie,Pearse,Jemie.Pearse@yopmail.com,Jemie.Pearse@gmail.com,police officer,TiPzZyGDZrX
207,Wynne,Septima,Wynne.Septima@yopmail.com,Wynne.Septima@gmail.com,police officer,zFoTb iYbLiVi
208,Libbie,Naor,Libbie.Naor@yopmail.com,Libbie.Naor@gmail.com,police officer,xKOU
209,Eve,Schroth,Eve.Schroth@yopmail.com,Eve.Schroth@gmail.com,police officer,jwFoRiZYpfilOhkBrEBmaWFcka
210,Lynnea,Leifeste,Lynnea.Leifeste@yopmail.com,Lynnea.Leifeste@gmail.com,firefighter,aZwcvFyeKboMGIgHfcPGKjmqZg
211,Zaria,Jenness,Zaria.Jenness@yopmail.com,Zaria.Jenness@gmail.com,worker,VYyiwsBBDFIEFsgdUQ
212,Harmonia,Bertold,Harmonia.Bertold@yopmail.com,Harmonia.Bertold@gmail.com,doctor,ND an
213,Mureil,Rocray,Mureil.Rocray@yopmail.com,Mureil.Rocray@gmail.com,doctor,ISWbr
214,Aurelie,Rosette,Aurelie.Rosette@yopmail.com,Aurelie.Rosette@gmail.com,developer,rWfQBoXiXayrBIgvZ
215,Therine,Moina,Therine.Moina@yopmail.com,Therine.Moina@gmail.com,firefighter,BpwjByqCDcQrZNHttCvBlVO
216,Allyce,Oneida,Allyce.Oneida@yopmail.com,Allyce.Oneida@gmail.com,developer,YNwxiD LqQAqpHOPiE OgeJC
217,Oona,Fadiman,Oona.Fadiman@yopmail.com,Oona.Fadiman@gmail.com,developer,wEYdihELSClGxTXxsP
218,Joelly,Ummersen,Joelly.Ummersen@yopmail.com,Joelly.Ummersen@gmail.com,firefighter,bj
219,Lynnea,Kirbee,Lynnea.Kirbee@yopmail.com,Lynnea.Kirbee@gmail.com,firefighter,f MAnRRVCyEv OEqzQWLOHe
220,Gratia,Elephus,Gratia.Elephus@yopmail.com,Gratia.Elephus@gmail.com,developer,TsoxPsMGBHKQTnmZTXkiQWVU
221,Ilse,Maisey,Ilse.Maisey@yopmail.com,Ilse.Maisey@gmail.com,developer,JPqCeoLlOQtqA
222,Ebonee,Thema,Ebonee.Thema@yopmail.com,Ebonee.Thema@gmail.com,firefighter,jCIUYkvdcjDEaMFJbY
223,Maryellen,Anis,Maryellen.Anis@yopmail.com,Maryellen.Anis@gmail.com,police officer,hcIYxRbKRWswwEC
224,Marsiella,Stephie,Marsiella.Stephie@yopmail.com,Marsiella.Stephie@gmail.com,police officer,JXqPCP
225,Florie,Thema,Florie.Thema@yopmail.com,Florie.Thema@gmail.com,police officer,dxZg
226,Zaria,Franza,Zaria.Franza@yopmail.com,Zaria.Franza@gmail.com,firefighter,fAfAMGFRUYGufZbyq
227,Debee,Holtz,Debee.Holtz@yopmail.com,Debee.Holtz@gmail.com,doctor,FBnD KHR
228,Dacia,Fosque,Dacia.Fosque@yopmail.com,Dacia.Fosque@gmail.com,worker,hSaFRvfJtCw
229,Elvira,Brieta,Elvira.Brieta@yopmail.com,Elvira.Brieta@gmail.com,doctor,rNhvLuHrJBeVhRbUauQCbc
230,Rhoda,Timon,Rhoda.Timon@yopmail.com,Rhoda.Timon@gmail.com,worker,qcjorkqOOeXpdQCbP
231,Gisela,Pauly,Gisela.Pauly@yopmail.com,Gisela.Pauly@gmail.com,doctor,KSYoyHcTCLHTD
232,Gilligan,Allina,Gilligan.Allina@yopmail.com,Gilligan.Allina@gmail.com,police officer,OZiqwNaQqDejOT x
233,Farrah,Anton,Farrah.Anton@yopmail.com,Farrah.Anton@gmail.com,worker,GYXHiHIvXTOwUVMIPLKFcla
234,Nessie,Fabiola,Nessie.Fabiola@yopmail.com,Nessie.Fabiola@gmail.com,firefighter,FGtNpuijzESlKnSdfbpjc
235,Natka,Lynn,Natka.Lynn@yopmail.com,Natka.Lynn@gmail.com,firefighter,jjKl
236,Ann-Marie,Dielu,Ann-Marie.Dielu@yopmail.com,Ann-Marie.Dielu@gmail.com,firefighter,CepimU
237,Allis,Grimbly,Allis.Grimbly@yopmail.com,Allis.Grimbly@gmail.com,developer,bhh
238,Sonni,Ashok,Sonni.Ashok@yopmail.com,Sonni.Ashok@gmail.com,doctor,eDmAuseftCrF
239,Laure,Prouty,Laure.Prouty@yopmail.com,Laure.Prouty@gmail.com,firefighter,QroMDaLndPaeCvJKXO
240,Kylynn,Markman,Kylynn.Markman@yopmail.com,Kylynn.Markman@gmail.com,worker,kYrRLKCWrheCpEh
241,Gretal,Amadas,Gretal.Amadas@yopmail.com,Gretal.Amadas@gmail.com,firefighter,wefntbdLboSENeARmZjIgtVsB
242,Marita,Alejoa,Marita.Alejoa@yopmail.com,Marita.Alejoa@gmail.com,worker,"N "
243,Shirlee,Weinreb,Shirlee.Weinreb@yopmail.com,Shirlee.Weinreb@gmail.com,doctor,syQQ ZgoXMBrKGE aEyUiW
244,Lorne,Garek,Lorne.Garek@yopmail.com,Lorne.Garek@gmail.com,doctor,zFjdpVkKGKwbLlrFTKx
245,Iseabal,Longfellow,Iseabal.Longfellow@yopmail.com,Iseabal.Longfellow@gmail.com,worker,rwtzHUnATThcpWnzVIjhIBzEA
246,Esmeralda,Desai,Esmeralda.Desai@yopmail.com,Esmeralda.Desai@gmail.com,doctor," cMhATa CkcQvxWK"
247,Anthia,Susannah,Anthia.Susannah@yopmail.com,Anthia.Susannah@gmail.com,worker,CmpCOSLIeJgyCzjiflrXRgRM
248,Meghann,Sasnett,Meghann.Sasnett@yopmail.com,Meghann.Sasnett@gmail.com,developer,EErnQdQFuzWOZFPX
249,Steffane,Chesna,Steffane.Chesna@yopmail.com,Steffane.Chesna@gmail.com,firefighter,zsbkFn
250,Cam,Alabaster,Cam.Alabaster@yopmail.com,Cam.Alabaster@gmail.com,firefighter,UbTNsNZTNohJZTZuYm
251,Caressa,Grosz,Caressa.Grosz@yopmail.com,Caressa.Grosz@gmail.com,police officer,payQ
252,Vonny,Lilas,Vonny.Lilas@yopmail.com,Vonny.Lilas@gmail.com,firefighter," AztaPiSEGrsMYrdSB"
253,Vere,Kress,Vere.Kress@yopmail.com,Vere.Kress@gmail.com,developer,pqcfphybIpHLcnZHntdSVM
254,Marylou,Graig,Marylou.Graig@yopmail.com,Marylou.Graig@gmail.com,police officer,UDoPhYtKCQgUE
255,Loree,Hailee,Loree.Hailee@yopmail.com,Loree.Hailee@gmail.com,firefighter,aVgYyJkJN bavAVExNvuvtz
256,Katharina,Han,Katharina.Han@yopmail.com,Katharina.Han@gmail.com,developer,ir
257,Ottilie,Cimbura,Ottilie.Cimbura@yopmail.com,Ottilie.Cimbura@gmail.com,firefighter,zg
258,Sarette,Cynar,Sarette.Cynar@yopmail.com,Sarette.Cynar@gmail.com,worker,VJv
259,Eve,Roxanna,Eve.Roxanna@yopmail.com,Eve.Roxanna@gmail.com,doctor,mq RxYGfIuZNpLqspcE
260,Oralee,Celestine,Oralee.Celestine@yopmail.com,Oralee.Celestine@gmail.com,firefighter,WIyCdzjlnJikZZJxCrEa wemb
261,Clementine,Delila,Clementine.Delila@yopmail.com,Clementine.Delila@gmail.com,police officer,SoZRHcZZ
262,Janeczka,Elo,Janeczka.Elo@yopmail.com,Janeczka.Elo@gmail.com,police officer,fauHn
263,Dari,Melleta,Dari.Melleta@yopmail.com,Dari.Melleta@gmail.com,doctor,beRnSJCeRBUVco vjKXvIy
264,Janenna,Ax,Janenna.Ax@yopmail.com,Janenna.Ax@gmail.com,firefighter,WwFRLDmYjxkU gIosXydK
265,Babita,Wilona,Babita.Wilona@yopmail.com,Babita.Wilona@gmail.com,developer,oSXzuAIUNtZOOKcIHpthrusSFW
266,Alex,Saint,Alex.Saint@yopmail.com,Alex.Saint@gmail.com,worker,GjXEYQcnJqU
267,Dede,Erlandson,Dede.Erlandson@yopmail.com,Dede.Erlandson@gmail.com,firefighter,jXM
268,Morganica,Pierette,Morganica.Pierette@yopmail.com,Morganica.Pierette@gmail.com,police officer,qcb
269,Selma,Bethany,Selma.Bethany@yopmail.com,Selma.Bethany@gmail.com,developer,YwD gRIIR cIyzKdRHhPJE
270,Valera,Suanne,Valera.Suanne@yopmail.com,Valera.Suanne@gmail.com,worker,aOpLezSWd
271,Margette,Stacy,Margette.Stacy@yopmail.com,Margette.Stacy@gmail.com,developer,dJyM
272,Jennica,Maisey,Jennica.Maisey@yopmail.com,Jennica.Maisey@gmail.com,police officer,ZhUY b
273,Mara,Linehan,Mara.Linehan@yopmail.com,Mara.Linehan@gmail.com,worker,jJI
274,Rosanne,Henebry,Rosanne.Henebry@yopmail.com,Rosanne.Henebry@gmail.com,worker,ARpLQyw TSMt dVAqMpOzvwnbp
275,Evita,Sacken,Evita.Sacken@yopmail.com,Evita.Sacken@gmail.com,firefighter,FNUnjlSmflGdDwnI
276,Cathie,Gale,Cathie.Gale@yopmail.com,Cathie.Gale@gmail.com,developer,tHHzHMksGvxTSJCNsS
277,Kristan,Brian,Kristan.Brian@yopmail.com,Kristan.Brian@gmail.com,firefighter,JRewwEJrFOCuRsPtkGgPB
278,Gaylene,Mauer,Gaylene.Mauer@yopmail.com,Gaylene.Mauer@gmail.com,firefighter,GoqjXr
279,Meg,Shuler,Meg.Shuler@yopmail.com,Meg.Shuler@gmail.com,firefighter,usAHYPbiI
280,Flo,Waite,Flo.Waite@yopmail.com,Flo.Waite@gmail.com,doctor,WtYRLMn QtycGiPtr
281,Reeba,Chaing,Reeba.Chaing@yopmail.com,Reeba.Chaing@gmail.com,police officer,VlMWKQTNDTOpYNAPcMsx
282,Sissy,Ries,Sissy.Ries@yopmail.com,Sissy.Ries@gmail.com,firefighter,vq
283,Nessie,Raseda,Nessie.Raseda@yopmail.com,Nessie.Raseda@gmail.com,firefighter,alDGURTm
284,Agathe,Hilbert,Agathe.Hilbert@yopmail.com,Agathe.Hilbert@gmail.com,worker,EHcLjgJG zjKRBeScPV
285,Emylee,Mandler,Emylee.Mandler@yopmail.com,Emylee.Mandler@gmail.com,worker,wi JtXtDnxhjLa
286,Christian,Erminia,Christian.Erminia@yopmail.com,Christian.Erminia@gmail.com,police officer,voer
287,Brietta,Natalia,Brietta.Natalia@yopmail.com,Brietta.Natalia@gmail.com,firefighter,gWEiKAaIuEdNUiR UVHpmPUwX
288,Annora,Cutlerr,Annora.Cutlerr@yopmail.com,Annora.Cutlerr@gmail.com,developer,MCMehPRXURulHnUWiVg
289,Gratia,Maisey,Gratia.Maisey@yopmail.com,Gratia.Maisey@gmail.com,doctor,kpJg kOxxLhLbNYAQiBQwT
290,Correy,Lory,Correy.Lory@yopmail.com,Correy.Lory@gmail.com,developer,aezhqDrsJtyqrDLmfnCAgM
291,Sherrie,Middleton,Sherrie.Middleton@yopmail.com,Sherrie.Middleton@gmail.com,firefighter,SSAIGWP
292,Iseabal,Argus,Iseabal.Argus@yopmail.com,Iseabal.Argus@gmail.com,police officer,FSWs
293,Teriann,Cloris,Teriann.Cloris@yopmail.com,Teriann.Cloris@gmail.com,developer,dVmkmpRBit CkkZ
294,Lexine,Macey,Lexine.Macey@yopmail.com,Lexine.Macey@gmail.com,doctor,CHrEfPAIPmW
295,Dawn,Monk,Dawn.Monk@yopmail.com,Dawn.Monk@gmail.com,developer,HwOqEiABKaDTckSeyvXAreMII
296,Lelah,Anestassia,Lelah.Anestassia@yopmail.com,Lelah.Anestassia@gmail.com,doctor,WzoKgcXcYMXudFjtEm
297,Ingrid,Nickola,Ingrid.Nickola@yopmail.com,Ingrid.Nickola@gmail.com,worker," stXYVjrKgSQuTwLpVvahzfNt"
298,Caryl,Wildermuth,Caryl.Wildermuth@yopmail.com,Caryl.Wildermuth@gmail.com,doctor,lWSxsLTPEq
299,Mignon,Heisel,Mignon.Heisel@yopmail.com,Mignon.Heisel@gmail.com,doctor,aTjTCeMVCFdSwBbmGFOWzYgQl
300,Claudina,Teddman,Claudina.Teddman@yopmail.com,Claudina.Teddman@gmail.com,firefighter,UhQrVvYZSNrlEQ nwPOkv
301,Lynnea,Regan,Lynnea.Regan@yopmail.com,Lynnea.Regan@gmail.com,developer,VfZ EsLYSFJjWPbweaZFWn U
302,Gilligan,Wind,Gilligan.Wind@yopmail.com,Gilligan.Wind@gmail.com,worker,PhYVXIGeaJwBTFr
303,Sharlene,Krystle,Sharlene.Krystle@yopmail.com,Sharlene.Krystle@gmail.com,police officer,WqlhLuHqjDjgtqNmFobNdLvG
304,Joy,Arathorn,Joy.Arathorn@yopmail.com,Joy.Arathorn@gmail.com,worker,XzxZtPohs
305,Anica,Jagir,Anica.Jagir@yopmail.com,Anica.Jagir@gmail.com,developer,BUL
306,Ilse,Holbrook,Ilse.Holbrook@yopmail.com,Ilse.Holbrook@gmail.com,developer,lEuksZuwzxNeFpF
307,Ronna,Sheedy,Ronna.Sheedy@yopmail.com,Ronna.Sheedy@gmail.com,developer,urezOoHs JfVjRSvDr
308,Caressa,Corrine,Caressa.Corrine@yopmail.com,Caressa.Corrine@gmail.com,developer,ZzjBoGPqIrgcohwEdb
309,Brana,Irmine,Brana.Irmine@yopmail.com,Brana.Irmine@gmail.com,developer,tQnKSnbNeSPGMeVOXmKIwncbK
310,Ann-Marie,Dreda,Ann-Marie.Dreda@yopmail.com,Ann-Marie.Dreda@gmail.com,police officer,YdfuVDqsggVELXcaRnvKSG
311,Beth,Harl,Beth.Harl@yopmail.com,Beth.Harl@gmail.com,firefighter,jJaNIJBsVEAeXnRaudmCRvz
312,Linet,Carvey,Linet.Carvey@yopmail.com,Linet.Carvey@gmail.com,developer,Zze
313,Mildrid,Brodench,Mildrid.Brodench@yopmail.com,Mildrid.Brodench@gmail.com,police officer,KTaRw KxyUBThLrJUQ
314,Darlleen,Shuler,Darlleen.Shuler@yopmail.com,Darlleen.Shuler@gmail.com,police officer,gYLXfRvntfQewzQ
315,Annora,Vivle,Annora.Vivle@yopmail.com,Annora.Vivle@gmail.com,worker,Ae KlUevzOHajahxJ
316,Minne,Nickola,Minne.Nickola@yopmail.com,Minne.Nickola@gmail.com,developer,skT
317,Harrietta,Alarise,Harrietta.Alarise@yopmail.com,Harrietta.Alarise@gmail.com,doctor,aNZDtcNO
318,Sashenka,Terrence,Sashenka.Terrence@yopmail.com,Sashenka.Terrence@gmail.com,worker,XyQUVBnw
319,Jasmina,Deny,Jasmina.Deny@yopmail.com,Jasmina.Deny@gmail.com,firefighter,dDBWglFdGad
320,Nickie,Ellerey,Nickie.Ellerey@yopmail.com,Nickie.Ellerey@gmail.com,police officer,vlpURQXCDYcegCSDeRhwzBvd
321,Mireielle,Junie,Mireielle.Junie@yopmail.com,Mireielle.Junie@gmail.com,doctor,PelWIbjbdygxU
322,Nelle,Orpah,Nelle.Orpah@yopmail.com,Nelle.Orpah@gmail.com,worker,WKojOjKhJgptQvpSwXV
323,Sonni,Granoff,Sonni.Granoff@yopmail.com,Sonni.Granoff@gmail.com,worker,KjKILBslgUsmqIvdXtjeUI
324,Inga,Dawkins,Inga.Dawkins@yopmail.com,Inga.Dawkins@gmail.com,firefighter,qYmZDuMxJQTchqGFpVfQyOSvfu
325,Tilly,Erskine,Tilly.Erskine@yopmail.com,Tilly.Erskine@gmail.com,firefighter,yUELSVqMeBPGCerJPxgKMr
326,Harmonia,Fry,Harmonia.Fry@yopmail.com,Harmonia.Fry@gmail.com,police officer,jotEMjC
327,Paule,Rosemary,Paule.Rosemary@yopmail.com,Paule.Rosemary@gmail.com,police officer,oXQcxtQtjqUbHP
328,Christy,Gabrielli,Christy.Gabrielli@yopmail.com,Christy.Gabrielli@gmail.com,firefighter,JqtlxXvxtUryDvFwuaRsJIkVI
329,Lorie,Cohdwell,Lorie.Cohdwell@yopmail.com,Lorie.Cohdwell@gmail.com,worker,mrwxjIlOcXplopgHQ
330,Stacey,Secrest,Stacey.Secrest@yopmail.com,Stacey.Secrest@gmail.com,developer,wKPIzuYa
331,Lacie,Dannye,Lacie.Dannye@yopmail.com,Lacie.Dannye@gmail.com,firefighter,gf
332,Evaleen,Lilas,Evaleen.Lilas@yopmail.com,Evaleen.Lilas@gmail.com,firefighter,VTOSGBHzKd
333,Kayla,Even,Kayla.Even@yopmail.com,Kayla.Even@gmail.com,police officer,iQznBRLwBlRjgUrEiWg
334,Atlanta,Boycey,Atlanta.Boycey@yopmail.com,Atlanta.Boycey@gmail.com,doctor,txmZfj
335,Vonny,Juan,Vonny.Juan@yopmail.com,Vonny.Juan@gmail.com,developer,mGlGwpDt
336,Angela,Brenn,Angela.Brenn@yopmail.com,Angela.Brenn@gmail.com,doctor,Hpak GDtP
337,Shaylyn,Fitzsimmons,Shaylyn.Fitzsimmons@yopmail.com,Shaylyn.Fitzsimmons@gmail.com,police officer,UTZ
338,Addia,Kendrick,Addia.Kendrick@yopmail.com,Addia.Kendrick@gmail.com,developer,FYJgeKrtFtiFXRHdUJ
339,Sarette,Corrine,Sarette.Corrine@yopmail.com,Sarette.Corrine@gmail.com,doctor,EiRUevZLiwsvU
340,Hettie,Hoban,Hettie.Hoban@yopmail.com,Hettie.Hoban@gmail.com,worker,crRxIqEAIaygvPAe
341,Jere,Thar,Jere.Thar@yopmail.com,Jere.Thar@gmail.com,doctor,"pFQGUXSdzteefKwnOm "
342,Jenilee,Brandice,Jenilee.Brandice@yopmail.com,Jenilee.Brandice@gmail.com,firefighter,vUCPqmBkueQqo jYpCFZVv
343,Frances,Winthorpe,Frances.Winthorpe@yopmail.com,Frances.Winthorpe@gmail.com,firefighter,ZVHhgRsxormWYoPLQsMX
344,Melisent,Vilma,Melisent.Vilma@yopmail.com,Melisent.Vilma@gmail.com,doctor,BIEWFKyRGtwXaehbZUcGyyX
345,Renae,Prober,Renae.Prober@yopmail.com,Renae.Prober@gmail.com,police officer,FqbOEBLAjBxCs
346,Susan,Firmin,Susan.Firmin@yopmail.com,Susan.Firmin@gmail.com,developer,pTogrQJLj
347,Berta,Buffum,Berta.Buffum@yopmail.com,Berta.Buffum@gmail.com,developer,VQWtWoCbYdPqlsbcm SvhK
348,Malina,Susannah,Malina.Susannah@yopmail.com,Malina.Susannah@gmail.com,firefighter,ANWXtfssdSbRcT
349,Noelle,Schroth,Noelle.Schroth@yopmail.com,Noelle.Schroth@gmail.com,doctor,VgQZcIrsJTGWw
350,Larine,Magnolia,Larine.Magnolia@yopmail.com,Larine.Magnolia@gmail.com,police officer,GUWFZO
351,Kylynn,Aurelio,Kylynn.Aurelio@yopmail.com,Kylynn.Aurelio@gmail.com,firefighter,l xHSyNyl
352,Mallory,Eldrid,Mallory.Eldrid@yopmail.com,Mallory.Eldrid@gmail.com,police officer,Gsyu
353,Etta,Marcellus,Etta.Marcellus@yopmail.com,Etta.Marcellus@gmail.com,doctor,RNGZnzrHU
354,Melodie,Sherrie,Melodie.Sherrie@yopmail.com,Melodie.Sherrie@gmail.com,doctor,JFGdReNNPmOxOkqrZ
355,Nataline,Louanna,Nataline.Louanna@yopmail.com,Nataline.Louanna@gmail.com,firefighter,FkZCbEC
356,Paule,Eno,Paule.Eno@yopmail.com,Paule.Eno@gmail.com,police officer,tKs
357,Anestassia,Orpah,Anestassia.Orpah@yopmail.com,Anestassia.Orpah@gmail.com,developer,VLrfloqFibQfznpuOOigsrvGj
358,Layla,Madox,Layla.Madox@yopmail.com,Layla.Madox@gmail.com,firefighter,cBlDnxPcYRyqkCaG qJNOyI
359,Jillayne,Ursulette,Jillayne.Ursulette@yopmail.com,Jillayne.Ursulette@gmail.com,police officer,VZqldjekNwUJUlovTZWENkPfP
360,Clarice,Iaverne,Clarice.Iaverne@yopmail.com,Clarice.Iaverne@gmail.com,police officer,EBzDhIjeNLtAqvH yeG
361,Cathie,Colp,Cathie.Colp@yopmail.com,Cathie.Colp@gmail.com,police officer,JRsTNqcuOwjDXweYnaFnhmSeZ
362,Rhoda,Greyson,Rhoda.Greyson@yopmail.com,Rhoda.Greyson@gmail.com,doctor,IwhjRSygAYWV
363,Courtnay,Federica,Courtnay.Federica@yopmail.com,Courtnay.Federica@gmail.com,worker,lOCAVrZuNmRuwU
364,Coral,Macey,Coral.Macey@yopmail.com,Coral.Macey@gmail.com,doctor,sIbziPRniboTOlZAnvoMvoO
365,Bee,Santoro,Bee.Santoro@yopmail.com,Bee.Santoro@gmail.com,firefighter,Ni
366,Sabina,Gregrory,Sabina.Gregrory@yopmail.com,Sabina.Gregrory@gmail.com,developer,QBFHqLfZAJV
367,Ottilie,Pitt,Ottilie.Pitt@yopmail.com,Ottilie.Pitt@gmail.com,police officer,vKVIgJTTHj suaDxWLIvXXb k
368,Elvira,Lindemann,Elvira.Lindemann@yopmail.com,Elvira.Lindemann@gmail.com,worker,qjr vFZ
369,Celisse,Peti,Celisse.Peti@yopmail.com,Celisse.Peti@gmail.com,doctor,sqZdxdozigQDnPuRE
370,Sissy,Wenoa,Sissy.Wenoa@yopmail.com,Sissy.Wenoa@gmail.com,firefighter,LOBVVNruvQOCbgIZ
371,Bibby,Publia,Bibby.Publia@yopmail.com,Bibby.Publia@gmail.com,doctor,JZXBCPPMlwawaawZCTMwp
372,Janis,Natica,Janis.Natica@yopmail.com,Janis.Natica@gmail.com,police officer,vgWHmw
373,Merry,Hanleigh,Merry.Hanleigh@yopmail.com,Merry.Hanleigh@gmail.com,doctor,eEagQcIcOaBUbA
374,Kore,Fleeta,Kore.Fleeta@yopmail.com,Kore.Fleeta@gmail.com,worker,skOOuZClFQLvqXMggSAIr
375,Nicoli,Ambrosia,Nicoli.Ambrosia@yopmail.com,Nicoli.Ambrosia@gmail.com,firefighter,QzYaHhjhIcnmOZqIaHYbJvp
376,Donnie,Raffo,Donnie.Raffo@yopmail.com,Donnie.Raffo@gmail.com,firefighter,pDvnOrVJ
377,Ricky,Salchunas,Ricky.Salchunas@yopmail.com,Ricky.Salchunas@gmail.com,developer,sqBxehwRxdNkvAWgrJ
378,Kelly,Maples,Kelly.Maples@yopmail.com,Kelly.Maples@gmail.com,firefighter,OtNMArABIJGaNuFfXdpOo
379,Devina,Blake,Devina.Blake@yopmail.com,Devina.Blake@gmail.com,doctor,ZgZ
380,Jinny,Thema,Jinny.Thema@yopmail.com,Jinny.Thema@gmail.com,firefighter,IXXbYkigcpcL
381,Margarette,Kendrick,Margarette.Kendrick@yopmail.com,Margarette.Kendrick@gmail.com,developer,arHLa Pmzc Gt
382,Kaia,Bonilla,Kaia.Bonilla@yopmail.com,Kaia.Bonilla@gmail.com,police officer,UJoVoOvNbLkrTfUDapEIRWBj
383,Dania,Rogerio,Dania.Rogerio@yopmail.com,Dania.Rogerio@gmail.com,worker,FwZrTEBvirT
384,Johna,Edmund,Johna.Edmund@yopmail.com,Johna.Edmund@gmail.com,firefighter,tDAWFf NJjdoQoJxBISsxzZ
385,Maryellen,Penelopa,Maryellen.Penelopa@yopmail.com,Maryellen.Penelopa@gmail.com,police officer,rIfihDZdKImZjpUVhdmMpOi
386,Jacquetta,Zaslow,Jacquetta.Zaslow@yopmail.com,Jacquetta.Zaslow@gmail.com,worker,gPMZVU
387,Annecorinne,Colyer,Annecorinne.Colyer@yopmail.com,Annecorinne.Colyer@gmail.com,worker,YQTQiOcIT
388,Lynnea,Burnside,Lynnea.Burnside@yopmail.com,Lynnea.Burnside@gmail.com,doctor,PAREPndlbwZ
389,Melisent,Brenn,Melisent.Brenn@yopmail.com,Melisent.Brenn@gmail.com,developer,YOUwdPW
390,Ellette,Etom,Ellette.Etom@yopmail.com,Ellette.Etom@gmail.com,worker,cSnCtmzojVkGMBT
391,Ruthe,Ax,Ruthe.Ax@yopmail.com,Ruthe.Ax@gmail.com,police officer,mQlLkpGloBnObTYgWZWkfdc
392,Anallese,Ricarda,Anallese.Ricarda@yopmail.com,Anallese.Ricarda@gmail.com,firefighter,xyAgsImUEyDcG
393,Leanna,Maxi,Leanna.Maxi@yopmail.com,Leanna.Maxi@gmail.com,firefighter,iFDp
394,Mureil,Tremayne,Mureil.Tremayne@yopmail.com,Mureil.Tremayne@gmail.com,police officer,FuuGFSZLabYeRMZTOScVRjlrW
395,Linet,Klemperer,Linet.Klemperer@yopmail.com,Linet.Klemperer@gmail.com,doctor,DjVeNrkjgLKpsKcGLkgliPHjx
396,Hallie,Ashely,Hallie.Ashely@yopmail.com,Hallie.Ashely@gmail.com,police officer,UqrlYhBgWgbbHm yf
397,Mara,Lumbard,Mara.Lumbard@yopmail.com,Mara.Lumbard@gmail.com,doctor,LIG npWRdhMLDBphLQCk
398,Ardenia,Dyche,Ardenia.Dyche@yopmail.com,Ardenia.Dyche@gmail.com,developer,SxyiZVic
399,Nariko,Secrest,Nariko.Secrest@yopmail.com,Nariko.Secrest@gmail.com,doctor,"d "
400,Rhoda,Armanda,Rhoda.Armanda@yopmail.com,Rhoda.Armanda@gmail.com,doctor,vdFLdrLzkxxTXoQMVUVgCBJ
401,Kial,Prouty,Kial.Prouty@yopmail.com,Kial.Prouty@gmail.com,developer,vJesoyVhrqaPU RkRUhKpmElyU
402,Melisent,Odysseus,Melisent.Odysseus@yopmail.com,Melisent.Odysseus@gmail.com,firefighter,wbqfKuGolGKZHpirEMYBrZUa
403,Tabbatha,Cavan,Tabbatha.Cavan@yopmail.com,Tabbatha.Cavan@gmail.com,doctor,JXWXNnrNNxmvtlFbBalCjmxM
404,Janis,Oscar,Janis.Oscar@yopmail.com,Janis.Oscar@gmail.com,developer,ZTgPTIZFpeWswv
405,Bill,Linehan,Bill.Linehan@yopmail.com,Bill.Linehan@gmail.com,police officer,udg
406,Rubie,Bertold,Rubie.Bertold@yopmail.com,Rubie.Bertold@gmail.com,firefighter,DCxvAz
407,Carmencita,Dawkins,Carmencita.Dawkins@yopmail.com,Carmencita.Dawkins@gmail.com,developer,ZzeCNQMFQ
408,Althea,Bonucci,Althea.Bonucci@yopmail.com,Althea.Bonucci@gmail.com,doctor,UES JDTrBGlQwreIvSmakISt
409,Grier,Concha,Grier.Concha@yopmail.com,Grier.Concha@gmail.com,developer,ofMcuzLLOaRdQdr
410,Johna,Simmonds,Johna.Simmonds@yopmail.com,Johna.Simmonds@gmail.com,firefighter,OgitHsYUQh
411,Carmencita,Mathilde,Carmencita.Mathilde@yopmail.com,Carmencita.Mathilde@gmail.com,firefighter,bz
412,Courtnay,Fry,Courtnay.Fry@yopmail.com,Courtnay.Fry@gmail.com,doctor,EykznxIUuGvuu
413,Nita,Melleta,Nita.Melleta@yopmail.com,Nita.Melleta@gmail.com,worker,HEFNxNJulvZnqYphkXbJAY
414,Binny,Stevy,Binny.Stevy@yopmail.com,Binny.Stevy@gmail.com,firefighter,zHovWy
415,Tatiania,Revkah,Tatiania.Revkah@yopmail.com,Tatiania.Revkah@gmail.com,developer,sd
416,Nikki,Fabiola,Nikki.Fabiola@yopmail.com,Nikki.Fabiola@gmail.com,worker,hARGiqGYqykWisCVcxtFSq
417,Madalyn,Pitt,Madalyn.Pitt@yopmail.com,Madalyn.Pitt@gmail.com,doctor,ZkXQSfgFXAFapRwDEXkuqZWSl
418,Alex,Francene,Alex.Francene@yopmail.com,Alex.Francene@gmail.com,police officer,kicIRNEbVQNK HRGyVcaBK
419,Lauryn,Stilwell,Lauryn.Stilwell@yopmail.com,Lauryn.Stilwell@gmail.com,doctor,tcKt
420,Coral,Land,Coral.Land@yopmail.com,Coral.Land@gmail.com,firefighter,hnyajFfaL HAHbQXpamjWBElq
421,Trudie,Egbert,Trudie.Egbert@yopmail.com,Trudie.Egbert@gmail.com,worker,drykEVNbCuIpB
422,Maurene,Hazlett,Maurene.Hazlett@yopmail.com,Maurene.Hazlett@gmail.com,police officer,xuOQUKPyriwYgcfG WcZHzHU
423,Latisha,Ramona,Latisha.Ramona@yopmail.com,Latisha.Ramona@gmail.com,developer,tjSBaWoOJXFXnQwR UHqIp
424,Sean,Ashely,Sean.Ashely@yopmail.com,Sean.Ashely@gmail.com,worker,uSbHMJpBRMFZKuAwKj
425,Leanna,Huggins,Leanna.Huggins@yopmail.com,Leanna.Huggins@gmail.com,worker,veCruRhIDemLet
426,Tobe,Charity,Tobe.Charity@yopmail.com,Tobe.Charity@gmail.com,developer,amWzckJOzCxtzgSx myidygw
427,Tiffie,Pip,Tiffie.Pip@yopmail.com,Tiffie.Pip@gmail.com,police officer,Yycwbhmtbeyx JZ
428,Stephanie,Leifeste,Stephanie.Leifeste@yopmail.com,Stephanie.Leifeste@gmail.com,doctor,VtpiOhMPDEioCAC
429,Thalia,Frendel,Thalia.Frendel@yopmail.com,Thalia.Frendel@gmail.com,police officer,TBK
430,Cecile,Elvyn,Cecile.Elvyn@yopmail.com,Cecile.Elvyn@gmail.com,firefighter,kbLQghZIAIA
431,Debee,Damarra,Debee.Damarra@yopmail.com,Debee.Damarra@gmail.com,police officer,TxoXctDCGDDGjjqqkQiLaQA
432,Allis,Nunci,Allis.Nunci@yopmail.com,Allis.Nunci@gmail.com,firefighter,U YtyZVnmJs
433,Rosanne,Merriott,Rosanne.Merriott@yopmail.com,Rosanne.Merriott@gmail.com,police officer,OOnmlXiDiaYeLpG
434,Atlanta,Henrie,Atlanta.Henrie@yopmail.com,Atlanta.Henrie@gmail.com,worker,nBZvZBOhdTZ
435,Agathe,Pillsbury,Agathe.Pillsbury@yopmail.com,Agathe.Pillsbury@gmail.com,police officer,Xk
436,Claudina,Horan,Claudina.Horan@yopmail.com,Claudina.Horan@gmail.com,developer,eIUsMGkduewIBynkWWwrv
437,Shauna,Ilka,Shauna.Ilka@yopmail.com,Shauna.Ilka@gmail.com,developer,ipXmkK
438,Brietta,Stover,Brietta.Stover@yopmail.com,Brietta.Stover@gmail.com,police officer,GkXVDWMFFPFdJeH jMNEfEmsD
439,Edyth,Fax,Edyth.Fax@yopmail.com,Edyth.Fax@gmail.com,police officer,rPUpkaEZpEVX
440,Robinia,Luhe,Robinia.Luhe@yopmail.com,Robinia.Luhe@gmail.com,doctor,IYsceucAtXUcsWhsD  hbW
441,Livvyy,Schenck,Livvyy.Schenck@yopmail.com,Livvyy.Schenck@gmail.com,worker,wFiPKGBeTZBEHPKx JoYB dZiP
442,Maryellen,Grimbly,Maryellen.Grimbly@yopmail.com,Maryellen.Grimbly@gmail.com,doctor,IamNUScrJS
443,Zaria,Georas,Zaria.Georas@yopmail.com,Zaria.Georas@gmail.com,doctor,itDlXFXsXXErVds
444,Shell,Skell,Shell.Skell@yopmail.com,Shell.Skell@gmail.com,police officer,bi
445,Renae,Jerald,Renae.Jerald@yopmail.com,Renae.Jerald@gmail.com,firefighter,ve AGqpw
446,Hannis,Raychel,Hannis.Raychel@yopmail.com,Hannis.Raychel@gmail.com,worker,RtuTUikIVyXGUr
447,Lilith,My,Lilith.My@yopmail.com,Lilith.My@gmail.com,doctor,pa
448,Rosabelle,Tarrant,Rosabelle.Tarrant@yopmail.com,Rosabelle.Tarrant@gmail.com,doctor,UqJSmaLHkMlWxSsdSt
449,Cyndie,Truc,Cyndie.Truc@yopmail.com,Cyndie.Truc@gmail.com,developer,BCWmexU
450,Gretal,Verger,Gretal.Verger@yopmail.com,Gretal.Verger@gmail.com,worker,WIcBaSnvVPOQUV nFGktAfQhut
451,Jaclyn,Brian,Jaclyn.Brian@yopmail.com,Jaclyn.Brian@gmail.com,firefighter,pfcQGQBHUlCybe
452,Belinda,Parsaye,Belinda.Parsaye@yopmail.com,Belinda.Parsaye@gmail.com,doctor,UehYwo
453,Mellicent,Mich,Mellicent.Mich@yopmail.com,Mellicent.Mich@gmail.com,firefighter,YVpbbjXSgsfgWMwhd
454,Jenda,Bord,Jenda.Bord@yopmail.com,Jenda.Bord@gmail.com,doctor,sNgeNNKTfQaJ
455,Margalo,Georgy,Margalo.Georgy@yopmail.com,Margalo.Georgy@gmail.com,doctor,iZVzguiTOmmKnAqJWyfFsATC
456,Wanda,Chaing,Wanda.Chaing@yopmail.com,Wanda.Chaing@gmail.com,worker,lTVBEZcpoYKD
457,Carol-Jean,Kat,Carol-Jean.Kat@yopmail.com,Carol-Jean.Kat@gmail.com,firefighter,JirubLaagGcqn
458,Renae,Bettine,Renae.Bettine@yopmail.com,Renae.Bettine@gmail.com,police officer,wDFJLcRJmLLKQ
459,Tina,Linskey,Tina.Linskey@yopmail.com,Tina.Linskey@gmail.com,firefighter,gxyfLXI NAfNNBZl PqTAJ
460,Melisent,Candy,Melisent.Candy@yopmail.com,Melisent.Candy@gmail.com,police officer,xz MF XZ
461,Kayla,Anton,Kayla.Anton@yopmail.com,Kayla.Anton@gmail.com,developer,"  "
462,Ottilie,Si,Ottilie.Si@yopmail.com,Ottilie.Si@gmail.com,firefighter,irIxxEA EwwZEQdlK TsDNZlNy
463,Belinda,Damarra,Belinda.Damarra@yopmail.com,Belinda.Damarra@gmail.com,firefighter,JANUV PEBLPCPlzc
464,Lorie,Damarra,Lorie.Damarra@yopmail.com,Lorie.Damarra@gmail.com,developer,muZk
465,Kimmy,Allys,Kimmy.Allys@yopmail.com,Kimmy.Allys@gmail.com,firefighter,txwimkgKLOtPjAyYw
466,Dania,Gaspard,Dania.Gaspard@yopmail.com,Dania.Gaspard@gmail.com,police officer,OmyrIdMUYBVCyK
467,Miquela,Garlinda,Miquela.Garlinda@yopmail.com,Miquela.Garlinda@gmail.com,developer,GF f JcFdvONwZil
468,Lolita,Nadia,Lolita.Nadia@yopmail.com,Lolita.Nadia@gmail.com,firefighter,wRKmedDnVMyIhQ
469,Rani,Anderea,Rani.Anderea@yopmail.com,Rani.Anderea@gmail.com,police officer,kL  TxLIBenzYzoh
470,Lucy,Carey,Lucy.Carey@yopmail.com,Lucy.Carey@gmail.com,doctor,"wMyMtGJVmqCqA "
471,Albertina,Curren,Albertina.Curren@yopmail.com,Albertina.Curren@gmail.com,doctor,TBGhhGRVND
472,Catharine,Rhu,Catharine.Rhu@yopmail.com,Catharine.Rhu@gmail.com,worker,CunT
473,Sadie,Faust,Sadie.Faust@yopmail.com,Sadie.Faust@gmail.com,worker,HbRXXYJmQL oDZvEI
474,Dawn,Melan,Dawn.Melan@yopmail.com,Dawn.Melan@gmail.com,worker," z"
475,Kimberley,MacIntosh,Kimberley.MacIntosh@yopmail.com,Kimberley.MacIntosh@gmail.com,firefighter,XBJrUGfDf
476,Agnese,Ball,Agnese.Ball@yopmail.com,Agnese.Ball@gmail.com,firefighter,Hp
477,Janeczka,Morgun,Janeczka.Morgun@yopmail.com,Janeczka.Morgun@gmail.com,police officer,yVgAc
478,Marcy,Kristi,Marcy.Kristi@yopmail.com,Marcy.Kristi@gmail.com,developer,FLxklyYQwETiQbWJhR
479,Wileen,Cordi,Wileen.Cordi@yopmail.com,Wileen.Cordi@gmail.com,worker,PVDuZxGea
480,Jacenta,Amadas,Jacenta.Amadas@yopmail.com,Jacenta.Amadas@gmail.com,firefighter,RUvYj KKvYC
481,Rozele,Pond,Rozele.Pond@yopmail.com,Rozele.Pond@gmail.com,doctor,rjQgfckheM
482,Jan,Charmine,Jan.Charmine@yopmail.com,Jan.Charmine@gmail.com,police officer,pWMNDACsVC
483,Malina,Primalia,Malina.Primalia@yopmail.com,Malina.Primalia@gmail.com,developer,VIxXdwHVOfJkRTDHSAcx
484,Daune,Catie,Daune.Catie@yopmail.com,Daune.Catie@gmail.com,police officer,IPLFnQ
485,Cacilie,Bibi,Cacilie.Bibi@yopmail.com,Cacilie.Bibi@gmail.com,doctor,hjuBvjlbvnPtNmlnU
486,Robinia,Septima,Robinia.Septima@yopmail.com,Robinia.Septima@gmail.com,worker,VfqcMRLbSdgp IRFQQyIj
487,Rayna,Magnolia,Rayna.Magnolia@yopmail.com,Rayna.Magnolia@gmail.com,firefighter,IJFhYCLXHVPwksDWVjqggGT
488,Doralynne,Kathie,Doralynne.Kathie@yopmail.com,Doralynne.Kathie@gmail.com,police officer,falQHJ DMTUb KpGspPwMOlb
489,Fred,Freddi,Fred.Freddi@yopmail.com,Fred.Freddi@gmail.com,worker,wKfGiMPyeNxPols
490,Kelly,Phaidra,Kelly.Phaidra@yopmail.com,Kelly.Phaidra@gmail.com,doctor," xWLqXXaVdiOck ez"
491,Roslyn,Nedrud,Roslyn.Nedrud@yopmail.com,Roslyn.Nedrud@gmail.com,police officer,oVoKLrDEsvRoeUYhLqApLaiwrm
492,Meriel,Angelis,Meriel.Angelis@yopmail.com,Meriel.Angelis@gmail.com,worker,TGgM
493,Alameda,Ries,Alameda.Ries@yopmail.com,Alameda.Ries@gmail.com,firefighter,OVNjgIOKNUv
494,Brandise,Johnsson,Brandise.Johnsson@yopmail.com,Brandise.Johnsson@gmail.com,police officer,ydhoxtSycCPFurltczRpA
495,Alyda,Poppy,Alyda.Poppy@yopmail.com,Alyda.Poppy@gmail.com,developer,SodD
496,Hallie,Edison,Hallie.Edison@yopmail.com,Hallie.Edison@gmail.com,doctor,GylGuIvWQlPouvFWoyQTxD
497,Devina,Audly,Devina.Audly@yopmail.com,Devina.Audly@gmail.com,doctor," WFIhmFHnqkFncbeKf"
498,Kary,Wiener,Kary.Wiener@yopmail.com,Kary.Wiener@gmail.com,worker,rvGOQtLPTOrjpdluWk
499,Drucie,Corrine,Drucie.Corrine@yopmail.com,Drucie.Corrine@gmail.com,developer,UFYVQ
500,Kara-Lynn,Stephie,Kara-Lynn.Stephie@yopmail.com,Kara-Lynn.Stephie@gmail.com,worker,fWMvt
501,Tarra,Lowry,Tarra.Lowry@yopmail.com,Tarra.Lowry@gmail.com,doctor,vzaB
502,Christal,Buckler,Christal.Buckler@yopmail.com,Christal.Buckler@gmail.com,worker,fytzFfRzr
503,Meghann,Sandye,Meghann.Sandye@yopmail.com,Meghann.Sandye@gmail.com,doctor,ACXouSdyHaQnzkYqBcQdxtO
504,Doro,Publia,Doro.Publia@yopmail.com,Doro.Publia@gmail.com,developer,diGbHku
505,Ira,Bohlin,Ira.Bohlin@yopmail.com,Ira.Bohlin@gmail.com,developer,wsrxBuTa cgnjLBDWdamN
506,Miquela,Lowry,Miquela.Lowry@yopmail.com,Miquela.Lowry@gmail.com,firefighter,bJM WIrkZBiTOUesmA
507,Ethel,Ricki,Ethel.Ricki@yopmail.com,Ethel.Ricki@gmail.com,developer,oXaDMUa
508,Ana,Bibi,Ana.Bibi@yopmail.com,Ana.Bibi@gmail.com,police officer,mFHwJ v
509,Mureil,Yorick,Mureil.Yorick@yopmail.com,Mureil.Yorick@gmail.com,firefighter,FaZYqikQWkBNAzaqZljfqRqyZ
510,Rori,Brieta,Rori.Brieta@yopmail.com,Rori.Brieta@gmail.com,doctor,yrSfZOSiGSD
511,Henriette,Sekofski,Henriette.Sekofski@yopmail.com,Henriette.Sekofski@gmail.com,police officer,lJGQw
512,Corry,Tatianas,Corry.Tatianas@yopmail.com,Corry.Tatianas@gmail.com,developer,zl
513,Christal,Dulciana,Christal.Dulciana@yopmail.com,Christal.Dulciana@gmail.com,firefighter,tMMf
514,Lanae,Bouchard,Lanae.Bouchard@yopmail.com,Lanae.Bouchard@gmail.com,worker,rtuChKkynddDLwOOvgadH
515,Shell,Corabella,Shell.Corabella@yopmail.com,Shell.Corabella@gmail.com,worker,QVoFvwKt
516,Kimberley,Goth,Kimberley.Goth@yopmail.com,Kimberley.Goth@gmail.com,developer,trCRjuAqCyZQxFvsptFjtp
517,Harmonia,Susannah,Harmonia.Susannah@yopmail.com,Harmonia.Susannah@gmail.com,worker,SVuoMpHgALboMvB
518,Celisse,Richers,Celisse.Richers@yopmail.com,Celisse.Richers@gmail.com,developer,uOhjBLmtLAISOPj
519,Codie,Nance,Codie.Nance@yopmail.com,Codie.Nance@gmail.com,worker,YzrMPvOleRogtRPCYcYJCYntqU
520,Lucy,Bobbee,Lucy.Bobbee@yopmail.com,Lucy.Bobbee@gmail.com,worker,WpFJGENDDnod
521,Beverley,Mehalek,Beverley.Mehalek@yopmail.com,Beverley.Mehalek@gmail.com,worker,kZtYAnWBRxnCCw
522,Reeba,Guthrie,Reeba.Guthrie@yopmail.com,Reeba.Guthrie@gmail.com,police officer,UbIlZOFPHgA
523,Leeanne,Quent,Leeanne.Quent@yopmail.com,Leeanne.Quent@gmail.com,police officer,SCasmkRk UkHliMjOQ
524,Diena,Wenoa,Diena.Wenoa@yopmail.com,Diena.Wenoa@gmail.com,police officer,fbCfzkmGKkaAxa
525,Jolyn,Magnolia,Jolyn.Magnolia@yopmail.com,Jolyn.Magnolia@gmail.com,doctor,pLAG IfcvJEotVufARmnc
526,Bettine,Ball,Bettine.Ball@yopmail.com,Bettine.Ball@gmail.com,developer,SwWUHfnGQiDdJiy
527,Clementine,Tjon,Clementine.Tjon@yopmail.com,Clementine.Tjon@gmail.com,doctor,VhreaeqfXYsjr
528,Marjie,Waldron,Marjie.Waldron@yopmail.com,Marjie.Waldron@gmail.com,police officer,CxT
529,Raina,Rillings,Raina.Rillings@yopmail.com,Raina.Rillings@gmail.com,worker,swUEHOkheztRlLgDkZCJY
530,Mamie,Stephie,Mamie.Stephie@yopmail.com,Mamie.Stephie@gmail.com,firefighter,hfuOSSRLeqWIfaDEt
531,Elyssa,Gusella,Elyssa.Gusella@yopmail.com,Elyssa.Gusella@gmail.com,firefighter,VxoiM geRyUfxOWd
532,Talya,Bearnard,Talya.Bearnard@yopmail.com,Talya.Bearnard@gmail.com,police officer,tbDSilSlzATBqyv
533,Chrystel,Khorma,Chrystel.Khorma@yopmail.com,Chrystel.Khorma@gmail.com,worker,VCjHh
534,Dennie,Obed,Dennie.Obed@yopmail.com,Dennie.Obed@gmail.com,developer,bDF oPwpQLsWAQuVnHh
535,Loree,Bronk,Loree.Bronk@yopmail.com,Loree.Bronk@gmail.com,police officer,MGeRuB
536,Tilly,Jena,Tilly.Jena@yopmail.com,Tilly.Jena@gmail.com,worker,ABSodiHebehxWM
537,Britte,Ingra,Britte.Ingra@yopmail.com,Britte.Ingra@gmail.com,doctor,XXwQHauQQRBDzEljyL
538,Rhoda,Lauraine,Rhoda.Lauraine@yopmail.com,Rhoda.Lauraine@gmail.com,worker,ukrpWjWWR oLA
539,Alie,Odysseus,Alie.Odysseus@yopmail.com,Alie.Odysseus@gmail.com,doctor,oyOTGhNHbfrVUpYMgY
540,Lynde,Ackerley,Lynde.Ackerley@yopmail.com,Lynde.Ackerley@gmail.com,developer,SczWwpfvaoOUWm
541,Norine,Therine,Norine.Therine@yopmail.com,Norine.Therine@gmail.com,worker,HgpqU
542,Viki,Desai,Viki.Desai@yopmail.com,Viki.Desai@gmail.com,worker,rLHQVrdgV
543,Britte,Doig,Britte.Doig@yopmail.com,Britte.Doig@gmail.com,firefighter,vvPVLnAAOsqTkgfaYVkO
544,Lulita,Riva,Lulita.Riva@yopmail.com,Lulita.Riva@gmail.com,worker,aIj
545,Hayley,Hewitt,Hayley.Hewitt@yopmail.com,Hayley.Hewitt@gmail.com,worker,NhoEYVua
546,Paola,Seumas,Paola.Seumas@yopmail.com,Paola.Seumas@gmail.com,doctor,mXt
547,Viviene,Gaspard,Viviene.Gaspard@yopmail.com,Viviene.Gaspard@gmail.com,worker,GabUWJyApZFLJaEwokUIWG
548,Dorene,Goode,Dorene.Goode@yopmail.com,Dorene.Goode@gmail.com,doctor,benoPifTPB
549,Correy,Gilbertson,Correy.Gilbertson@yopmail.com,Correy.Gilbertson@gmail.com,police officer,PciaDQRIeinAVqTdHPgZHSIDL
550,Danika,Cecile,Danika.Cecile@yopmail.com,Danika.Cecile@gmail.com,doctor,CxG
551,Brana,Bibi,Brana.Bibi@yopmail.com,Brana.Bibi@gmail.com,doctor,IDakdbP
552,Stevana,Saint,Stevana.Saint@yopmail.com,Stevana.Saint@gmail.com,firefighter,tgDyGCjDkiMaJSTXwdAYHyFo
553,Angelique,Georas,Angelique.Georas@yopmail.com,Angelique.Georas@gmail.com,developer,ljUUr VM
554,Melanie,Elbertina,Melanie.Elbertina@yopmail.com,Melanie.Elbertina@gmail.com,firefighter,mNKSi
555,Linet,Carleen,Linet.Carleen@yopmail.com,Linet.Carleen@gmail.com,police officer,RgEmpMwUWQg
556,Berget,Nadia,Berget.Nadia@yopmail.com,Berget.Nadia@gmail.com,firefighter,DMI
557,Fred,Delacourt,Fred.Delacourt@yopmail.com,Fred.Delacourt@gmail.com,doctor,ysZTUrDZAiFbVaNIcKzZVUk
558,Starla,Albertine,Starla.Albertine@yopmail.com,Starla.Albertine@gmail.com,developer,fXTtajzRHgMo
559,Codie,Fadiman,Codie.Fadiman@yopmail.com,Codie.Fadiman@gmail.com,worker,ozQbW VHtYgpLzU kIYN
560,Ellette,Manolo,Ellette.Manolo@yopmail.com,Ellette.Manolo@gmail.com,worker,waZEqOGQCJcqtbwvUARL
561,Kittie,Ulphia,Kittie.Ulphia@yopmail.com,Kittie.Ulphia@gmail.com,police officer,uykpd vTE
562,Lilith,Joli,Lilith.Joli@yopmail.com,Lilith.Joli@gmail.com,developer,LDqDxCStYQBfvWQcW
563,Gilligan,Christine,Gilligan.Christine@yopmail.com,Gilligan.Christine@gmail.com,doctor,VG RqmCnKNr
564,Marcy,Aida,Marcy.Aida@yopmail.com,Marcy.Aida@gmail.com,firefighter,NQ HT
565,Vevay,Marsden,Vevay.Marsden@yopmail.com,Vevay.Marsden@gmail.com,firefighter,GbMpxBcw
566,Riannon,O'Neill,Riannon.O'Neill@yopmail.com,Riannon.O'Neill@gmail.com,doctor,UnMLdyz
567,Bettine,Othilia,Bettine.Othilia@yopmail.com,Bettine.Othilia@gmail.com,developer,fqmJVfcrNHhAD IcjMmcEV
568,Ketti,Presber,Ketti.Presber@yopmail.com,Ketti.Presber@gmail.com,worker,hITWQFpd
569,Lelah,Taam,Lelah.Taam@yopmail.com,Lelah.Taam@gmail.com,worker,"jzT eXiIzOT vza kHX "
570,Malina,Marlie,Malina.Marlie@yopmail.com,Malina.Marlie@gmail.com,firefighter,GvjrUVPrlrgBZDvaxJjb RqjK
571,Eugine,Uund,Eugine.Uund@yopmail.com,Eugine.Uund@gmail.com,police officer,HOaDdqAqHbJnJEGR
572,Minne,Elbertina,Minne.Elbertina@yopmail.com,Minne.Elbertina@gmail.com,worker,CQBFyBIqOLVtSrlfnZN
573,Drucie,Thornburg,Drucie.Thornburg@yopmail.com,Drucie.Thornburg@gmail.com,firefighter,cfBqsdRKmpsBF
574,Roseline,Cristi,Roseline.Cristi@yopmail.com,Roseline.Cristi@gmail.com,developer,AuuNenJwvGiuYCzdpVEXiZe
575,Merle,Rebecka,Merle.Rebecka@yopmail.com,Merle.Rebecka@gmail.com,worker,"ZH "
576,Kathy,Charmine,Kathy.Charmine@yopmail.com,Kathy.Charmine@gmail.com,doctor,fOFsxyKtI VRcstXvJz
577,Belva,Craggie,Belva.Craggie@yopmail.com,Belva.Craggie@gmail.com,police officer,lukEAVVFkhnYJk
578,Lila,Alejoa,Lila.Alejoa@yopmail.com,Lila.Alejoa@gmail.com,worker,ukHsDSZMXbcjIFNUXDjyUd
579,Robinia,Martguerita,Robinia.Martguerita@yopmail.com,Robinia.Martguerita@gmail.com,police officer,xkMVhlHV BZlSyZA
580,Talya,Brian,Talya.Brian@yopmail.com,Talya.Brian@gmail.com,police officer,YoOhJRdhj
581,Ermengarde,Tound,Ermengarde.Tound@yopmail.com,Ermengarde.Tound@gmail.com,firefighter,YbSyhdGKAEYQeS
582,Netty,Douglass,Netty.Douglass@yopmail.com,Netty.Douglass@gmail.com,developer,kbhwoUNTbWqnCtXe
583,Vinita,Skell,Vinita.Skell@yopmail.com,Vinita.Skell@gmail.com,firefighter,rX EWxs
584,Lory,Nedrud,Lory.Nedrud@yopmail.com,Lory.Nedrud@gmail.com,police officer,HdkhfauE
585,Tabbatha,Guildroy,Tabbatha.Guildroy@yopmail.com,Tabbatha.Guildroy@gmail.com,worker,LD
586,Noelle,Miru,Noelle.Miru@yopmail.com,Noelle.Miru@gmail.com,worker,ca GoP
587,Almeta,Chaing,Almeta.Chaing@yopmail.com,Almeta.Chaing@gmail.com,developer,oRmUdvD xEAVOvDmSXC
588,Jenda,Cyrie,Jenda.Cyrie@yopmail.com,Jenda.Cyrie@gmail.com,police officer,yaVSyvaqI
589,Philis,Loeb,Philis.Loeb@yopmail.com,Philis.Loeb@gmail.com,worker,sgYRvz
590,Yolane,Ries,Yolane.Ries@yopmail.com,Yolane.Ries@gmail.com,firefighter,cWABvSBDHK
591,Ardenia,Even,Ardenia.Even@yopmail.com,Ardenia.Even@gmail.com,doctor,SZFjXBhMpmOLnnimtGqDauno
592,Nessie,Jobi,Nessie.Jobi@yopmail.com,Nessie.Jobi@gmail.com,police officer,GQKjBS
593,Minda,Tybald,Minda.Tybald@yopmail.com,Minda.Tybald@gmail.com,worker,WqmhdGqoBeQawvTVHBzUypRsV
594,Willetta,Belanger,Willetta.Belanger@yopmail.com,Willetta.Belanger@gmail.com,developer,GldlmlzqVuWSw
595,Thalia,Margarete,Thalia.Margarete@yopmail.com,Thalia.Margarete@gmail.com,developer,GnPUt
596,Zia,Elsinore,Zia.Elsinore@yopmail.com,Zia.Elsinore@gmail.com,doctor,hvcAoDwqmfLpOzRUvRBGQfie
597,Laurene,Hortensia,Laurene.Hortensia@yopmail.com,Laurene.Hortensia@gmail.com,doctor,JpPxxNLghomeTtRqiAjmZ
598,Emmey,Lauraine,Emmey.Lauraine@yopmail.com,Emmey.Lauraine@gmail.com,worker,AkzCQJQU
599,Libbie,Newell,Libbie.Newell@yopmail.com,Libbie.Newell@gmail.com,police officer,OlJHAsxRn wjJltiXGWIdrTeFW
600,Bobinette,Robertson,Bobinette.Robertson@yopmail.com,Bobinette.Robertson@gmail.com,police officer,Up
601,Merle,Dosia,Merle.Dosia@yopmail.com,Merle.Dosia@gmail.com,police officer,oFaabRhvHvfwG
602,Cordi,Ivens,Cordi.Ivens@yopmail.com,Cordi.Ivens@gmail.com,developer,QPdJacEtKN
603,Alie,Madaih,Alie.Madaih@yopmail.com,Alie.Madaih@gmail.com,police officer,V mpuwkDN
604,Krystle,Nester,Krystle.Nester@yopmail.com,Krystle.Nester@gmail.com,firefighter,WFz YrGQmq
605,Consuela,Bashemeth,Consuela.Bashemeth@yopmail.com,Consuela.Bashemeth@gmail.com,doctor,CT
606,Taffy,Rossner,Taffy.Rossner@yopmail.com,Taffy.Rossner@gmail.com,developer,"ZcOU AK lrTEyLSMJIjkcp Yg "
607,Hyacinthe,Santoro,Hyacinthe.Santoro@yopmail.com,Hyacinthe.Santoro@gmail.com,doctor,cOavmpcL WKujEEqOGBYkh
608,Gwyneth,Sadowski,Gwyneth.Sadowski@yopmail.com,Gwyneth.Sadowski@gmail.com,developer,CX JoVRtf
609,Shannah,Marlie,Shannah.Marlie@yopmail.com,Shannah.Marlie@gmail.com,doctor,mlOloHRGCHLDuYReo bWGSf
610,Myrtice,Elbertina,Myrtice.Elbertina@yopmail.com,Myrtice.Elbertina@gmail.com,worker,yIvMk
611,Laurene,Tayib,Laurene.Tayib@yopmail.com,Laurene.Tayib@gmail.com,worker,lEdDczPeNrDRiOFJu
612,Elfreda,Vivle,Elfreda.Vivle@yopmail.com,Elfreda.Vivle@gmail.com,doctor,JNBnmhW
613,Ernesta,Taam,Ernesta.Taam@yopmail.com,Ernesta.Taam@gmail.com,firefighter,xHckpTFBeUiH
614,Paule,Cherianne,Paule.Cherianne@yopmail.com,Paule.Cherianne@gmail.com,developer,ROZfHHNzIrzEoRpSawTG
615,Nickie,Campball,Nickie.Campball@yopmail.com,Nickie.Campball@gmail.com,developer,KCquTzhwWaEm
616,Madelle,Krystle,Madelle.Krystle@yopmail.com,Madelle.Krystle@gmail.com,firefighter,fmEKYhYnICWHWLrft Z
617,Brena,Tice,Brena.Tice@yopmail.com,Brena.Tice@gmail.com,doctor,AZaRScnTHzBYUJ
618,Averyl,Maiah,Averyl.Maiah@yopmail.com,Averyl.Maiah@gmail.com,police officer,DZprzCHWqqeMrz
619,Katharina,Leler,Katharina.Leler@yopmail.com,Katharina.Leler@gmail.com,developer,GfzulVxGqCG
620,Mady,Keily,Mady.Keily@yopmail.com,Mady.Keily@gmail.com,police officer,olnHKwhICoaUcg xMMXD
621,Neila,Crudden,Neila.Crudden@yopmail.com,Neila.Crudden@gmail.com,firefighter,HFmaLfT
622,Sara-Ann,Pozzy,Sara-Ann.Pozzy@yopmail.com,Sara-Ann.Pozzy@gmail.com,police officer," pgFTUmpuHM"
623,Kenna,Alrich,Kenna.Alrich@yopmail.com,Kenna.Alrich@gmail.com,firefighter,wIgyqdo MABMXSRRN
624,Sonni,Belanger,Sonni.Belanger@yopmail.com,Sonni.Belanger@gmail.com,worker,ilBM
625,Merci,August,Merci.August@yopmail.com,Merci.August@gmail.com,worker,SEo
626,Annabela,Schonfeld,Annabela.Schonfeld@yopmail.com,Annabela.Schonfeld@gmail.com,worker,poZmUp
627,Helsa,Anyah,Helsa.Anyah@yopmail.com,Helsa.Anyah@gmail.com,developer,Sw
628,Harmonia,Desai,Harmonia.Desai@yopmail.com,Harmonia.Desai@gmail.com,firefighter,UpEQkLGyyzTMIl
629,Modestia,Codding,Modestia.Codding@yopmail.com,Modestia.Codding@gmail.com,police officer,AOAsYHfNndgHgMfkcbCI
630,Rori,Ilka,Rori.Ilka@yopmail.com,Rori.Ilka@gmail.com,developer,iyfVE
631,Ottilie,Laverne,Ottilie.Laverne@yopmail.com,Ottilie.Laverne@gmail.com,worker,BnLVcbYyYB qsMkYQDP
632,Penelopa,Delacourt,Penelopa.Delacourt@yopmail.com,Penelopa.Delacourt@gmail.com,developer,EJlNulIBmiAuB
633,Elise,Llovera,Elise.Llovera@yopmail.com,Elise.Llovera@gmail.com,doctor,ruTLYzwvQVrNasBGke
634,Feliza,Radu,Feliza.Radu@yopmail.com,Feliza.Radu@gmail.com,doctor,VWDgxcnw
635,Modestia,Milde,Modestia.Milde@yopmail.com,Modestia.Milde@gmail.com,firefighter,pOaJVhIq
636,Kenna,Dowski,Kenna.Dowski@yopmail.com,Kenna.Dowski@gmail.com,doctor,"tPG "
637,Janis,Kimmie,Janis.Kimmie@yopmail.com,Janis.Kimmie@gmail.com,doctor,wBZITUmWdTvzje
638,Carolina,Stav,Carolina.Stav@yopmail.com,Carolina.Stav@gmail.com,doctor,NHMEbzF
639,Althea,Jerald,Althea.Jerald@yopmail.com,Althea.Jerald@gmail.com,developer,rRchNyzfGcuBtTCvLXDMI
640,Janenna,Bebe,Janenna.Bebe@yopmail.com,Janenna.Bebe@gmail.com,police officer,JOzEvEwLatTWpQdDb
641,Oona,Aprile,Oona.Aprile@yopmail.com,Oona.Aprile@gmail.com,developer,EpCXMsc
642,Emylee,Lunsford,Emylee.Lunsford@yopmail.com,Emylee.Lunsford@gmail.com,police officer,ZgN
643,Kerrin,Morrill,Kerrin.Morrill@yopmail.com,Kerrin.Morrill@gmail.com,doctor,hDGmYUzIkwCwIaD
644,Carmencita,Randene,Carmencita.Randene@yopmail.com,Carmencita.Randene@gmail.com,worker,e LkJP
645,Jemie,Lauraine,Jemie.Lauraine@yopmail.com,Jemie.Lauraine@gmail.com,firefighter,PAcBPslDIVUfIjlLadzovzMp
646,Tani,Dyche,Tani.Dyche@yopmail.com,Tani.Dyche@gmail.com,police officer,GpOG
647,Marsiella,Federica,Marsiella.Federica@yopmail.com,Marsiella.Federica@gmail.com,doctor,tUdfKVGzayfcW
648,Cecile,Candy,Cecile.Candy@yopmail.com,Cecile.Candy@gmail.com,firefighter,PnDMhVhJ zViXxuSTRkO
649,Sheelagh,Bandeen,Sheelagh.Bandeen@yopmail.com,Sheelagh.Bandeen@gmail.com,firefighter,T SZOUHY
650,Ursulina,Jerold,Ursulina.Jerold@yopmail.com,Ursulina.Jerold@gmail.com,developer,Jn
651,Jeanna,Lewes,Jeanna.Lewes@yopmail.com,Jeanna.Lewes@gmail.com,police officer,Jwoh
652,Maye,Nelsen,Maye.Nelsen@yopmail.com,Maye.Nelsen@gmail.com,developer,jW
653,Katharina,Mata,Katharina.Mata@yopmail.com,Katharina.Mata@gmail.com,firefighter,ZuO pFnGYJjkYEK
654,Beth,Zitvaa,Beth.Zitvaa@yopmail.com,Beth.Zitvaa@gmail.com,worker,dbKbYsYClqHvjdrKo
655,Bobbi,Stefa,Bobbi.Stefa@yopmail.com,Bobbi.Stefa@gmail.com,police officer,hBdMVXlzjstGpdhi
656,Bill,Monk,Bill.Monk@yopmail.com,Bill.Monk@gmail.com,doctor,MqHmrgKDNpqcfFGuCgPZeuTg
657,Lusa,Poll,Lusa.Poll@yopmail.com,Lusa.Poll@gmail.com,developer,jafQuQPiGYpNJfwfR Vdurv
658,Lynde,Harl,Lynde.Harl@yopmail.com,Lynde.Harl@gmail.com,developer,mKXVFBRLSSlecYFJtttQEPpg
659,Hope,Barbey,Hope.Barbey@yopmail.com,Hope.Barbey@gmail.com,police officer,FnZJS
660,Alex,Cutlerr,Alex.Cutlerr@yopmail.com,Alex.Cutlerr@gmail.com,doctor,LBEVXHNGQJvxbIWBaBbExN
661,Flory,Dom,Flory.Dom@yopmail.com,Flory.Dom@gmail.com,worker,VAUBzOkp
662,Althea,Middleton,Althea.Middleton@yopmail.com,Althea.Middleton@gmail.com,developer,tq
663,Olwen,Orlene,Olwen.Orlene@yopmail.com,Olwen.Orlene@gmail.com,developer,iYxY
664,Madalyn,Khorma,Madalyn.Khorma@yopmail.com,Madalyn.Khorma@gmail.com,firefighter," yieYlvOqPWrEVmSorNptQr"
665,Tonia,Howlyn,Tonia.Howlyn@yopmail.com,Tonia.Howlyn@gmail.com,firefighter,"kqZiQwAWQSZdCQsrV "
666,Lelah,Hartnett,Lelah.Hartnett@yopmail.com,Lelah.Hartnett@gmail.com,worker,SWkde
667,Shauna,Skell,Shauna.Skell@yopmail.com,Shauna.Skell@gmail.com,doctor,CnuTgBs
668,Sabina,Nicoline,Sabina.Nicoline@yopmail.com,Sabina.Nicoline@gmail.com,worker,GIQbDMGiaBpAyFEzpbNqx
669,Ethel,Mathilde,Ethel.Mathilde@yopmail.com,Ethel.Mathilde@gmail.com,developer,kQAurs
670,Nerta,Lissi,Nerta.Lissi@yopmail.com,Nerta.Lissi@gmail.com,police officer,GmcEEhLCWsFAYomvCUyKLXzNTv
671,Silvana,Center,Silvana.Center@yopmail.com,Silvana.Center@gmail.com,doctor,fCAzfJdiFmUmBw
672,Caressa,Marisa,Caressa.Marisa@yopmail.com,Caressa.Marisa@gmail.com,developer,ahPvWsyVcgkdc
673,Ardys,Germann,Ardys.Germann@yopmail.com,Ardys.Germann@gmail.com,firefighter,WjAwBDqpG
674,Cristine,Ricki,Cristine.Ricki@yopmail.com,Cristine.Ricki@gmail.com,developer,GKxXmPdywFw
675,Pearline,Berard,Pearline.Berard@yopmail.com,Pearline.Berard@gmail.com,doctor,avMhOjlpEw
676,Ira,Bluh,Ira.Bluh@yopmail.com,Ira.Bluh@gmail.com,worker,GLGMakMctkoPupHRewzeWsp
677,Emma,Mandler,Emma.Mandler@yopmail.com,Emma.Mandler@gmail.com,doctor,uXkqaZlEw
678,Bibby,Janith,Bibby.Janith@yopmail.com,Bibby.Janith@gmail.com,developer,xMehjZXyuXIply
679,Daphne,Gillan,Daphne.Gillan@yopmail.com,Daphne.Gillan@gmail.com,police officer,JOtVcjohsRTcSBsXPuLkspBds
680,Gusty,Reidar,Gusty.Reidar@yopmail.com,Gusty.Reidar@gmail.com,developer,dOeKbnEysSWyAkPOjBzs
681,Dorene,Kinnard,Dorene.Kinnard@yopmail.com,Dorene.Kinnard@gmail.com,police officer,vcnNdcVF
682,Christian,Nicoline,Christian.Nicoline@yopmail.com,Christian.Nicoline@gmail.com,firefighter,cb
683,Sheelagh,Junie,Sheelagh.Junie@yopmail.com,Sheelagh.Junie@gmail.com,firefighter,"b "
684,Sharlene,Fairweather,Sharlene.Fairweather@yopmail.com,Sharlene.Fairweather@gmail.com,developer,mclFiZJdbsjJPaq
685,Merle,Hull,Merle.Hull@yopmail.com,Merle.Hull@gmail.com,doctor,sQeUEArUIPDIwXYBEdjXw
686,Joleen,Tatianas,Joleen.Tatianas@yopmail.com,Joleen.Tatianas@gmail.com,developer,ZfkBDXwmHAwXE
687,Shaylyn,Callista,Shaylyn.Callista@yopmail.com,Shaylyn.Callista@gmail.com,developer,nH
688,Alia,Dyche,Alia.Dyche@yopmail.com,Alia.Dyche@gmail.com,doctor,lzpwXZqxSvawvYOcqUIYtQjgpd
689,Josephine,Abbot,Josephine.Abbot@yopmail.com,Josephine.Abbot@gmail.com,worker,agT
690,Ermengarde,Stefa,Ermengarde.Stefa@yopmail.com,Ermengarde.Stefa@gmail.com,doctor,dasiNxYPyFkVFXysr
691,Violet,Kaete,Violet.Kaete@yopmail.com,Violet.Kaete@gmail.com,firefighter,UbVAydFpKPCdoybpoighup
692,Zondra,Maxi,Zondra.Maxi@yopmail.com,Zondra.Maxi@gmail.com,doctor,wQXruAhMxa
693,Anthia,Marlie,Anthia.Marlie@yopmail.com,Anthia.Marlie@gmail.com,developer,lwyRboanTurOzWQYjt
694,Rhoda,Teryn,Rhoda.Teryn@yopmail.com,Rhoda.Teryn@gmail.com,developer,oZXZxhycGkUIdCfTPHGKqx
695,Isa,Philipp,Isa.Philipp@yopmail.com,Isa.Philipp@gmail.com,developer,hixIohoOZ
696,Danny,Thunell,Danny.Thunell@yopmail.com,Danny.Thunell@gmail.com,developer,AHZHaIdxtfuySoyTjyV
697,Blinni,Garlinda,Blinni.Garlinda@yopmail.com,Blinni.Garlinda@gmail.com,developer,ag
698,Aili,Anestassia,Aili.Anestassia@yopmail.com,Aili.Anestassia@gmail.com,firefighter,UakORzspNZY
699,Lucille,Ramona,Lucille.Ramona@yopmail.com,Lucille.Ramona@gmail.com,firefighter,Os
700,Estell,Naashom,Estell.Naashom@yopmail.com,Estell.Naashom@gmail.com,firefighter,pehGvtdLHlL
701,Keelia,Gavrila,Keelia.Gavrila@yopmail.com,Keelia.Gavrila@gmail.com,worker,Glm
702,Kirbee,McCutcheon,Kirbee.McCutcheon@yopmail.com,Kirbee.McCutcheon@gmail.com,worker,ntCBJvMgkOUibkAwe
703,Charlena,Casimir,Charlena.Casimir@yopmail.com,Charlena.Casimir@gmail.com,doctor,aUjBKFNxhemmFfQPgYH
704,Tybie,Mehalek,Tybie.Mehalek@yopmail.com,Tybie.Mehalek@gmail.com,doctor,aNxvFOjgxPIdJYkbBVBXMPOs
705,Edee,Vharat,Edee.Vharat@yopmail.com,Edee.Vharat@gmail.com,police officer,CT BVlRzVim
706,Averyl,Elbertina,Averyl.Elbertina@yopmail.com,Averyl.Elbertina@gmail.com,doctor,Ikl
707,Sindee,Jarib,Sindee.Jarib@yopmail.com,Sindee.Jarib@gmail.com,police officer,bDYLryZKjWfilsNZL
708,Hermione,An,Hermione.An@yopmail.com,Hermione.An@gmail.com,developer,fVQNhAtyUchjalQStzzv
709,Gloria,Colp,Gloria.Colp@yopmail.com,Gloria.Colp@gmail.com,worker,xAVgs
710,Cristine,Ruvolo,Cristine.Ruvolo@yopmail.com,Cristine.Ruvolo@gmail.com,police officer,woODOh
711,Alyda,Delp,Alyda.Delp@yopmail.com,Alyda.Delp@gmail.com,worker,JdNFth
712,Janis,Behre,Janis.Behre@yopmail.com,Janis.Behre@gmail.com,worker,VRoCZQgk
713,Maisey,Ball,Maisey.Ball@yopmail.com,Maisey.Ball@gmail.com,developer,cewMfDVOdPjwkJxOCezVFwD
714,Marcelline,Wind,Marcelline.Wind@yopmail.com,Marcelline.Wind@gmail.com,worker,xCWBbTIUkBJYNKXHIYEm
715,Rosabelle,Elephus,Rosabelle.Elephus@yopmail.com,Rosabelle.Elephus@gmail.com,police officer,LYDeaFjdSFAru
716,Joeann,Eiser,Joeann.Eiser@yopmail.com,Joeann.Eiser@gmail.com,worker,peFkkzOjNmzTZEwYfbczdeIJ
717,Chastity,Hewitt,Chastity.Hewitt@yopmail.com,Chastity.Hewitt@gmail.com,firefighter,tMxN
718,Libbie,Brady,Libbie.Brady@yopmail.com,Libbie.Brady@gmail.com,police officer,DyDdjJtwWIBB
719,Riannon,Lunsford,Riannon.Lunsford@yopmail.com,Riannon.Lunsford@gmail.com,firefighter,HIBNrGKy
720,Helena,Tremayne,Helena.Tremayne@yopmail.com,Helena.Tremayne@gmail.com,firefighter,"fkCfniVcwlQVo "
721,Siana,Adlare,Siana.Adlare@yopmail.com,Siana.Adlare@gmail.com,police officer,FnqfgjUfwHFm
722,Janenna,Schlosser,Janenna.Schlosser@yopmail.com,Janenna.Schlosser@gmail.com,police officer,JNHrFya
723,Barbi,Joachim,Barbi.Joachim@yopmail.com,Barbi.Joachim@gmail.com,firefighter,nvnW h
724,Nannie,Elo,Nannie.Elo@yopmail.com,Nannie.Elo@gmail.com,developer,BzAblGVLXQwaEWyfE
725,Mariann,Manolo,Mariann.Manolo@yopmail.com,Mariann.Manolo@gmail.com,police officer,TnzGwDP p
726,Perry,Penelopa,Perry.Penelopa@yopmail.com,Perry.Penelopa@gmail.com,worker,yWgjL
727,Maisey,Land,Maisey.Land@yopmail.com,Maisey.Land@gmail.com,firefighter,dGxsBPmggMiIByZL
728,Yetty,Zetta,Yetty.Zetta@yopmail.com,Yetty.Zetta@gmail.com,firefighter,zyRqlsOd
729,Queenie,Braun,Queenie.Braun@yopmail.com,Queenie.Braun@gmail.com,doctor,gVN
730,Arabel,Berard,Arabel.Berard@yopmail.com,Arabel.Berard@gmail.com,developer,FveMwUFABsCGmck
731,Raina,Melony,Raina.Melony@yopmail.com,Raina.Melony@gmail.com,police officer,VzFxH
732,Melisent,Fennessy,Melisent.Fennessy@yopmail.com,Melisent.Fennessy@gmail.com,developer,DzEIxiSZLBkGpalnatceQJ
733,Darlleen,Lail,Darlleen.Lail@yopmail.com,Darlleen.Lail@gmail.com,developer,JsakabDTgxZTxdteSzqzER
734,Rori,Serilda,Rori.Serilda@yopmail.com,Rori.Serilda@gmail.com,doctor,BLbYzpOzXOUQsZKrwMjsltUgaV
735,Madalyn,Christal,Madalyn.Christal@yopmail.com,Madalyn.Christal@gmail.com,developer,gz
736,Aubrie,Liebermann,Aubrie.Liebermann@yopmail.com,Aubrie.Liebermann@gmail.com,developer,fdSVKJZVEWvfxLbornws
737,Sabina,Rolf,Sabina.Rolf@yopmail.com,Sabina.Rolf@gmail.com,firefighter,IIsEbNKpXkHfxixMauCG
738,Nariko,Vanni,Nariko.Vanni@yopmail.com,Nariko.Vanni@gmail.com,developer,sX
739,Emylee,Randene,Emylee.Randene@yopmail.com,Emylee.Randene@gmail.com,developer,KBPhiHOlJfsFaWvnWeUzeec
740,Vonny,McAdams,Vonny.McAdams@yopmail.com,Vonny.McAdams@gmail.com,doctor,QyGL cICUDyWoxX
741,Marline,Narton,Marline.Narton@yopmail.com,Marline.Narton@gmail.com,doctor,rGGpoPq
742,Chrystel,Zenas,Chrystel.Zenas@yopmail.com,Chrystel.Zenas@gmail.com,worker,UuqOUchpvkG
743,Calla,Zrike,Calla.Zrike@yopmail.com,Calla.Zrike@gmail.com,firefighter,fpCTXdvO
744,Alisha,Florina,Alisha.Florina@yopmail.com,Alisha.Florina@gmail.com,worker,yNCF wFokZiAVXQ NZ SA
745,Mignon,Gert,Mignon.Gert@yopmail.com,Mignon.Gert@gmail.com,worker," ktW fVXiDd"
746,Amelia,Wallis,Amelia.Wallis@yopmail.com,Amelia.Wallis@gmail.com,developer,BVpEPoMpoyRzpROpMiNR
747,Abbie,Sherfield,Abbie.Sherfield@yopmail.com,Abbie.Sherfield@gmail.com,police officer,pGGQbx
748,Mariele,Federica,Mariele.Federica@yopmail.com,Mariele.Federica@gmail.com,firefighter,eKbAKHEaMtljvdsDmIFZEGh
749,Merry,Kiersten,Merry.Kiersten@yopmail.com,Merry.Kiersten@gmail.com,police officer,UBVaYP ONGrvkvYzeQLJvXpx
750,Tybie,Miru,Tybie.Miru@yopmail.com,Tybie.Miru@gmail.com,worker,Hz IMc
751,Suzette,Eachern,Suzette.Eachern@yopmail.com,Suzette.Eachern@gmail.com,firefighter,CEPYiBewfrmzetlqTWyJTz
752,Vita,Bakerman,Vita.Bakerman@yopmail.com,Vita.Bakerman@gmail.com,firefighter,vSQtPc
753,Catrina,Destinee,Catrina.Destinee@yopmail.com,Catrina.Destinee@gmail.com,developer,nnoAq
754,Pollyanna,Bendick,Pollyanna.Bendick@yopmail.com,Pollyanna.Bendick@gmail.com,doctor,cAsfM
755,Marylou,Zrike,Marylou.Zrike@yopmail.com,Marylou.Zrike@gmail.com,doctor,QOnPirMicW
756,Abbie,Ackerley,Abbie.Ackerley@yopmail.com,Abbie.Ackerley@gmail.com,worker,z feroQM
757,Lynde,Viddah,Lynde.Viddah@yopmail.com,Lynde.Viddah@gmail.com,firefighter,EExeNbWACaJVBX
758,Lucy,Couture,Lucy.Couture@yopmail.com,Lucy.Couture@gmail.com,firefighter,bKybyfpSjNCLATfnttuyLxPz
759,Damaris,Jena,Damaris.Jena@yopmail.com,Damaris.Jena@gmail.com,worker,rUllZIE Ccdt LLATFohEw
760,Morganica,Kevon,Morganica.Kevon@yopmail.com,Morganica.Kevon@gmail.com,doctor,oDIyOoXzmKHoHHjMRCaQuiJSW
761,Tersina,Bertold,Tersina.Bertold@yopmail.com,Tersina.Bertold@gmail.com,developer,oNDj oTheHLazoEg
762,Carolina,Suzetta,Carolina.Suzetta@yopmail.com,Carolina.Suzetta@gmail.com,police officer," KRCNmqh"
763,Penelopa,Corrine,Penelopa.Corrine@yopmail.com,Penelopa.Corrine@gmail.com,doctor,izNZiwlzqXZG
764,Kellen,Mike,Kellen.Mike@yopmail.com,Kellen.Mike@gmail.com,police officer,oawyJdumiZjozJFbKdxDAtB
765,Molli,Drisko,Molli.Drisko@yopmail.com,Molli.Drisko@gmail.com,developer,PZSoMOlKC
766,Catharine,Kirstin,Catharine.Kirstin@yopmail.com,Catharine.Kirstin@gmail.com,worker,btSrX BPkB
767,Maurene,Jeanne,Maurene.Jeanne@yopmail.com,Maurene.Jeanne@gmail.com,police officer,pNxEBkRko
768,Shannah,Emmaline,Shannah.Emmaline@yopmail.com,Shannah.Emmaline@gmail.com,developer,rgmWqyxAlxECGUWxjpmPyMsl
769,Mireielle,Ephrem,Mireielle.Ephrem@yopmail.com,Mireielle.Ephrem@gmail.com,worker,DOtKk
770,Donnie,Carmena,Donnie.Carmena@yopmail.com,Donnie.Carmena@gmail.com,firefighter,hw KoYdUzYgYKwR
771,Oralee,Melleta,Oralee.Melleta@yopmail.com,Oralee.Melleta@gmail.com,doctor,LFGAJUfQcfdjFhji
772,Merry,Septima,Merry.Septima@yopmail.com,Merry.Septima@gmail.com,police officer,tQZBJmytegVWgdZqMfg
773,Dotty,Phi,Dotty.Phi@yopmail.com,Dotty.Phi@gmail.com,doctor,XMa
774,Cyb,Maiah,Cyb.Maiah@yopmail.com,Cyb.Maiah@gmail.com,firefighter,hAVdfKEM
775,Dione,Lauraine,Dione.Lauraine@yopmail.com,Dione.Lauraine@gmail.com,developer,jpafrOnRCbZik WafyQOcCyoB
776,Melisent,Jeanne,Melisent.Jeanne@yopmail.com,Melisent.Jeanne@gmail.com,doctor," EoKRQdqkBrIGLTDuDptjt"
777,Leontine,Dannye,Leontine.Dannye@yopmail.com,Leontine.Dannye@gmail.com,doctor,JLTDIBy CozeiB
778,Briney,Kiyoshi,Briney.Kiyoshi@yopmail.com,Briney.Kiyoshi@gmail.com,developer,GQiaVWhQjLUqjyj
779,Roberta,Pernick,Roberta.Pernick@yopmail.com,Roberta.Pernick@gmail.com,developer,FL
780,Kimmy,Esmaria,Kimmy.Esmaria@yopmail.com,Kimmy.Esmaria@gmail.com,police officer,jnDXVu
781,Jsandye,Friede,Jsandye.Friede@yopmail.com,Jsandye.Friede@gmail.com,developer,Tif
782,Lusa,Roche,Lusa.Roche@yopmail.com,Lusa.Roche@gmail.com,developer,"rXVjYpikZCzZMO "
783,Elvira,Lissi,Elvira.Lissi@yopmail.com,Elvira.Lissi@gmail.com,worker,fNyTit
784,Henriette,Kendrick,Henriette.Kendrick@yopmail.com,Henriette.Kendrick@gmail.com,firefighter,nTfukCoDtOSYduENoViDW
785,Caressa,Hutchison,Caressa.Hutchison@yopmail.com,Caressa.Hutchison@gmail.com,police officer,qwYBrGaZu
786,Renie,Pierette,Renie.Pierette@yopmail.com,Renie.Pierette@gmail.com,police officer,cm
787,Yetty,Gombach,Yetty.Gombach@yopmail.com,Yetty.Gombach@gmail.com,worker,hbqwuAGSfX
788,Sabina,Tomasina,Sabina.Tomasina@yopmail.com,Sabina.Tomasina@gmail.com,firefighter,RINVEpiOLWAqYUNZn
789,Jaclyn,Peti,Jaclyn.Peti@yopmail.com,Jaclyn.Peti@gmail.com,firefighter,RMmZjnnycMDTZ
790,Lucille,Zamora,Lucille.Zamora@yopmail.com,Lucille.Zamora@gmail.com,worker,rNeb
791,Melodie,Sasnett,Melodie.Sasnett@yopmail.com,Melodie.Sasnett@gmail.com,developer,pCpnhrhToPlSQ
792,Sharai,Clara,Sharai.Clara@yopmail.com,Sharai.Clara@gmail.com,developer,ka
793,Julieta,Brady,Julieta.Brady@yopmail.com,Julieta.Brady@gmail.com,police officer,PIAsjJlaDayLBgY
794,Tobe,Bibi,Tobe.Bibi@yopmail.com,Tobe.Bibi@gmail.com,police officer,CUuMUmNytMtYAjLyESUOFmTTlQ
795,Fawne,Lorenz,Fawne.Lorenz@yopmail.com,Fawne.Lorenz@gmail.com,firefighter,cGvIbaNqCiiJYGXkfyj
796,Cordi,Dermott,Cordi.Dermott@yopmail.com,Cordi.Dermott@gmail.com,firefighter,CI
797,Delilah,Uund,Delilah.Uund@yopmail.com,Delilah.Uund@gmail.com,doctor,pkmO
798,Krystle,Gherardo,Krystle.Gherardo@yopmail.com,Krystle.Gherardo@gmail.com,firefighter,pMiTDZLPJhGxro
799,Phylis,Gwenore,Phylis.Gwenore@yopmail.com,Phylis.Gwenore@gmail.com,police officer,hdJCwiWeAxbBphVHgtP
800,Oona,Hedve,Oona.Hedve@yopmail.com,Oona.Hedve@gmail.com,police officer,OoUd VmXR
801,Genevra,Kellby,Genevra.Kellby@yopmail.com,Genevra.Kellby@gmail.com,developer,btyXnLAjw
802,Letizia,Christine,Letizia.Christine@yopmail.com,Letizia.Christine@gmail.com,police officer,LLHwnL
803,Lisette,Hartnett,Lisette.Hartnett@yopmail.com,Lisette.Hartnett@gmail.com,worker,sW
804,Barbi,Stilwell,Barbi.Stilwell@yopmail.com,Barbi.Stilwell@gmail.com,police officer,WZmpGYWaRUTKfMoENl
805,Donnie,Prober,Donnie.Prober@yopmail.com,Donnie.Prober@gmail.com,firefighter,mcDkCuMsjYzFDf
806,Helsa,Deny,Helsa.Deny@yopmail.com,Helsa.Deny@gmail.com,doctor,GeYpjCF
807,Deirdre,Odell,Deirdre.Odell@yopmail.com,Deirdre.Odell@gmail.com,developer,LuXmifkEoNa
808,Starla,Cloris,Starla.Cloris@yopmail.com,Starla.Cloris@gmail.com,doctor,JyeSrDckAw
809,Danika,Vins,Danika.Vins@yopmail.com,Danika.Vins@gmail.com,developer,AADYdZYwsw XWNtqDVseDcG
810,Kara-Lynn,Daveta,Kara-Lynn.Daveta@yopmail.com,Kara-Lynn.Daveta@gmail.com,doctor,CqommrJJD
811,Agathe,Brady,Agathe.Brady@yopmail.com,Agathe.Brady@gmail.com,firefighter,dSQPWX
812,Gusella,Bakerman,Gusella.Bakerman@yopmail.com,Gusella.Bakerman@gmail.com,doctor,Jo taXxn
813,Suzette,Raffo,Suzette.Raffo@yopmail.com,Suzette.Raffo@gmail.com,worker,ZCSY
814,Philis,Tiffa,Philis.Tiffa@yopmail.com,Philis.Tiffa@gmail.com,doctor,N WOygYwJiXelLRNzq
815,Corry,Vorster,Corry.Vorster@yopmail.com,Corry.Vorster@gmail.com,police officer,RblykyFyfGSeJbmIuI
816,Anestassia,Honoria,Anestassia.Honoria@yopmail.com,Anestassia.Honoria@gmail.com,worker,DwE LmLs
817,Lisette,Ardra,Lisette.Ardra@yopmail.com,Lisette.Ardra@gmail.com,police officer,dx ALNSTnfUVCINVixxFOMlJ
818,Christal,Drus,Christal.Drus@yopmail.com,Christal.Drus@gmail.com,developer,nFu zWJOKqnGQ QbrEu
819,Almeta,Ferino,Almeta.Ferino@yopmail.com,Almeta.Ferino@gmail.com,developer,ZezYDy
820,Carlie,Even,Carlie.Even@yopmail.com,Carlie.Even@gmail.com,worker,bTqxCabFmMzwIdOPAIgpTAWMf
821,Linzy,Weinreb,Linzy.Weinreb@yopmail.com,Linzy.Weinreb@gmail.com,worker,pRtLb
822,Amalie,Lory,Amalie.Lory@yopmail.com,Amalie.Lory@gmail.com,police officer,SDDPTaKjs spVrbjYoDJEgXA
823,Jany,Medrek,Jany.Medrek@yopmail.com,Jany.Medrek@gmail.com,doctor,LgPu
824,Nariko,Kellby,Nariko.Kellby@yopmail.com,Nariko.Kellby@gmail.com,police officer,FjPQxAVoC sdbwphKwrk
825,Rubie,Faso,Rubie.Faso@yopmail.com,Rubie.Faso@gmail.com,firefighter,kOsAfGOuNUQyBOxt
826,Giustina,Rodmann,Giustina.Rodmann@yopmail.com,Giustina.Rodmann@gmail.com,doctor,lOtoypdOBYVUi
827,Libbie,Maples,Libbie.Maples@yopmail.com,Libbie.Maples@gmail.com,developer,SDHwAwMbLvOghVSk
828,Magdalena,Hermes,Magdalena.Hermes@yopmail.com,Magdalena.Hermes@gmail.com,developer,TpijwPPmRblzq XPRpc
829,Aili,Matthew,Aili.Matthew@yopmail.com,Aili.Matthew@gmail.com,police officer,FhqwDyTvNYqnahr
830,Kore,Melan,Kore.Melan@yopmail.com,Kore.Melan@gmail.com,worker,AjIn
831,Laurene,Halsey,Laurene.Halsey@yopmail.com,Laurene.Halsey@gmail.com,firefighter,DQgzxYJsblkY fZZdlbUhLo
832,Willetta,Rheingold,Willetta.Rheingold@yopmail.com,Willetta.Rheingold@gmail.com,worker,xpeF
833,Laurene,Erskine,Laurene.Erskine@yopmail.com,Laurene.Erskine@gmail.com,doctor,UxqhpQeayjFPn
834,Amalie,Olympium,Amalie.Olympium@yopmail.com,Amalie.Olympium@gmail.com,doctor,sAlxcZ
835,Emylee,Ogren,Emylee.Ogren@yopmail.com,Emylee.Ogren@gmail.com,firefighter,KvFIzGAbxlXmSvVgYhxga
836,Silvana,Turne,Silvana.Turne@yopmail.com,Silvana.Turne@gmail.com,firefighter,MZXe
837,Ketti,Jarib,Ketti.Jarib@yopmail.com,Ketti.Jarib@gmail.com,police officer,QywipDkLTZoLWlEeGK
838,Priscilla,Deny,Priscilla.Deny@yopmail.com,Priscilla.Deny@gmail.com,firefighter,DsvfUCMQzevg
839,Adelle,My,Adelle.My@yopmail.com,Adelle.My@gmail.com,police officer,P vFQ
840,Clo,Orpah,Clo.Orpah@yopmail.com,Clo.Orpah@gmail.com,developer,GOJcUWoiHiVWvPrJKfJRSb
841,Cam,Tayib,Cam.Tayib@yopmail.com,Cam.Tayib@gmail.com,police officer,EAcKkoOgixPxHH  DATb
842,Caressa,Geffner,Caressa.Geffner@yopmail.com,Caressa.Geffner@gmail.com,firefighter,jtrdlYnfudWLnmwyoocrtH
843,Calla,Therine,Calla.Therine@yopmail.com,Calla.Therine@gmail.com,police officer,mgaP
844,Angela,Hertzfeld,Angela.Hertzfeld@yopmail.com,Angela.Hertzfeld@gmail.com,police officer,jDTZrJriQGhd eSnmxSMbOOtgf
845,Angelique,Esmaria,Angelique.Esmaria@yopmail.com,Angelique.Esmaria@gmail.com,police officer,iPrWsr
846,Debee,Gregrory,Debee.Gregrory@yopmail.com,Debee.Gregrory@gmail.com,police officer,ocdhvCYQROp PeklOdFtwSD
847,Suzette,Haldas,Suzette.Haldas@yopmail.com,Suzette.Haldas@gmail.com,doctor,hFLJMmvewCPeGvlSe
848,Kristan,Darrell,Kristan.Darrell@yopmail.com,Kristan.Darrell@gmail.com,police officer,dLxecCTbNDdNoP
849,Wilma,Garbe,Wilma.Garbe@yopmail.com,Wilma.Garbe@gmail.com,police officer,eDurOfApCq
850,Giustina,Rozanna,Giustina.Rozanna@yopmail.com,Giustina.Rozanna@gmail.com,doctor,KzhOIxwGcLzHnqS
851,Tori,Pelagias,Tori.Pelagias@yopmail.com,Tori.Pelagias@gmail.com,worker,T PkhpdsQsWPRnhxNXoqVOlpN
852,Melanie,Prouty,Melanie.Prouty@yopmail.com,Melanie.Prouty@gmail.com,firefighter,rInyRGBLIAFSNr
853,Mamie,Andrel,Mamie.Andrel@yopmail.com,Mamie.Andrel@gmail.com,developer,TtSJBVxMwQFkhlIZKuVVMTR
854,Claresta,Land,Claresta.Land@yopmail.com,Claresta.Land@gmail.com,police officer,sFtKmflbEZzbgFzUG
855,Silvana,Elvyn,Silvana.Elvyn@yopmail.com,Silvana.Elvyn@gmail.com,doctor,Fu
856,Elie,Longfellow,Elie.Longfellow@yopmail.com,Elie.Longfellow@gmail.com,police officer,diIdhZhDzxra
857,Estell,Ackerley,Estell.Ackerley@yopmail.com,Estell.Ackerley@gmail.com,firefighter,zYrDnfgvgHobEhmOVeeFCe
858,Sabina,Kimmie,Sabina.Kimmie@yopmail.com,Sabina.Kimmie@gmail.com,police officer,xrYzSeFUXLlYBGrAOJezJ
859,Marjie,Dearborn,Marjie.Dearborn@yopmail.com,Marjie.Dearborn@gmail.com,worker,vEHgvBIa
860,Britni,Ulphia,Britni.Ulphia@yopmail.com,Britni.Ulphia@gmail.com,worker,GYHmJc
861,Tracey,Hanleigh,Tracey.Hanleigh@yopmail.com,Tracey.Hanleigh@gmail.com,worker,wLEUUUVMXYqUmg
862,Etta,Judye,Etta.Judye@yopmail.com,Etta.Judye@gmail.com,police officer,IpeFrPYuwyqrYmsCCTo
863,Bernardine,McClimans,Bernardine.McClimans@yopmail.com,Bernardine.McClimans@gmail.com,doctor,FyvNmABYaBiyWfPpxThqkqoIfb
864,Tera,Pacorro,Tera.Pacorro@yopmail.com,Tera.Pacorro@gmail.com,developer,NHPIzbhTzWiVybH
865,Misha,Juliet,Misha.Juliet@yopmail.com,Misha.Juliet@gmail.com,developer,iQmzYWdd grSuzcEWoacA
866,Bee,Federica,Bee.Federica@yopmail.com,Bee.Federica@gmail.com,worker,FGJ
867,Brynna,Bertold,Brynna.Bertold@yopmail.com,Brynna.Bertold@gmail.com,doctor,LZVSgOpYAzJlhPsKcovLSH
868,Ashlee,Honoria,Ashlee.Honoria@yopmail.com,Ashlee.Honoria@gmail.com,doctor,ofOBfnlnJG
869,Deloria,Dorcy,Deloria.Dorcy@yopmail.com,Deloria.Dorcy@gmail.com,worker,wkLhqsfEfiopvQofAVcmXS Qy
870,Jsandye,Horan,Jsandye.Horan@yopmail.com,Jsandye.Horan@gmail.com,developer,hDPPVDVbctaAFaiaUhAWNH
871,Kate,Berne,Kate.Berne@yopmail.com,Kate.Berne@gmail.com,developer,tSLaVXNIjSjauauUWvoutxfv
872,Janey,Parsaye,Janey.Parsaye@yopmail.com,Janey.Parsaye@gmail.com,doctor,cTrXrAjwtoNGDPa
873,Peri,Hamil,Peri.Hamil@yopmail.com,Peri.Hamil@gmail.com,firefighter,WKVeyKTtBemrX
874,Esmeralda,Herrera,Esmeralda.Herrera@yopmail.com,Esmeralda.Herrera@gmail.com,police officer,irrgQDtxTS nfmbewMZuln
875,Robbi,Burnside,Robbi.Burnside@yopmail.com,Robbi.Burnside@gmail.com,police officer,vyFcfmUK
876,Miquela,MacIntosh,Miquela.MacIntosh@yopmail.com,Miquela.MacIntosh@gmail.com,police officer,tOKT
877,Aili,Audly,Aili.Audly@yopmail.com,Aili.Audly@gmail.com,firefighter,ApNZkqyZIthBTmQCSp
878,Adelle,Toni,Adelle.Toni@yopmail.com,Adelle.Toni@gmail.com,worker," axABcXJoQLHpTFi q "
879,Ninnetta,Sparhawk,Ninnetta.Sparhawk@yopmail.com,Ninnetta.Sparhawk@gmail.com,worker,jWIxhFszkinqlQepjvAETtpZdi
880,Belva,Concha,Belva.Concha@yopmail.com,Belva.Concha@gmail.com,doctor,uJzayiPAIurzD
881,Vere,Turne,Vere.Turne@yopmail.com,Vere.Turne@gmail.com,police officer,PpHOlpOTQNE DiYAWAaaad
882,Sharai,Fennessy,Sharai.Fennessy@yopmail.com,Sharai.Fennessy@gmail.com,developer,anambJiBwIffwzkkIHsfrGBcFN
883,Celisse,Brackely,Celisse.Brackely@yopmail.com,Celisse.Brackely@gmail.com,firefighter,av
884,Miquela,Kylander,Miquela.Kylander@yopmail.com,Miquela.Kylander@gmail.com,developer,wmEpKqsqZVDjGRTsihVK
885,Lila,Sherrie,Lila.Sherrie@yopmail.com,Lila.Sherrie@gmail.com,worker,LjBhPNM
886,Kathi,Abram,Kathi.Abram@yopmail.com,Kathi.Abram@gmail.com,police officer,DW MaSpkwzecXtijVY
887,Angela,Autrey,Angela.Autrey@yopmail.com,Angela.Autrey@gmail.com,police officer,BEZ
888,Ayn,Chrystel,Ayn.Chrystel@yopmail.com,Ayn.Chrystel@gmail.com,police officer,xZgHIyPBs
889,Magdalena,Anastatius,Magdalena.Anastatius@yopmail.com,Magdalena.Anastatius@gmail.com,doctor,OLwpBqmNIuwDejXU
890,Georgetta,Zetta,Georgetta.Zetta@yopmail.com,Georgetta.Zetta@gmail.com,doctor,oKPUIvDrFQCKGSobFZCXa
891,Rosanne,Klemperer,Rosanne.Klemperer@yopmail.com,Rosanne.Klemperer@gmail.com,police officer,NPgkqVAGkEK
892,Mary,Naashom,Mary.Naashom@yopmail.com,Mary.Naashom@gmail.com,developer,uQDRCjOWZ HEptRz
893,Lolita,Rhu,Lolita.Rhu@yopmail.com,Lolita.Rhu@gmail.com,doctor,BOfDGes
894,Nessie,Cohdwell,Nessie.Cohdwell@yopmail.com,Nessie.Cohdwell@gmail.com,police officer,nlnMEzbeCmFgKAwGmEdHKE
895,Millie,Noman,Millie.Noman@yopmail.com,Millie.Noman@gmail.com,developer,yAZYPRgLMUaVzcyUjVTB
896,Gilda,Uird,Gilda.Uird@yopmail.com,Gilda.Uird@gmail.com,police officer,anvjPANNJCdyfZRZF
897,Latisha,Millda,Latisha.Millda@yopmail.com,Latisha.Millda@gmail.com,firefighter,LUamqGUrGTT pXTrhpUmjEWDw
898,Tressa,Drisko,Tressa.Drisko@yopmail.com,Tressa.Drisko@gmail.com,developer,ecyXmgSrxezCVu K
899,Ira,Hermes,Ira.Hermes@yopmail.com,Ira.Hermes@gmail.com,worker,QvYWuwDEGUT
900,Doralynne,Cookie,Doralynne.Cookie@yopmail.com,Doralynne.Cookie@gmail.com,worker,SYeRCifPVB
901,Aryn,Abernon,Aryn.Abernon@yopmail.com,Aryn.Abernon@gmail.com,developer,kjzQfxkFlUyVRWGbcowgq
902,Mathilda,Bibi,Mathilda.Bibi@yopmail.com,Mathilda.Bibi@gmail.com,police officer,gRFSuMWhPkmAlWuOjjBpgNl
903,Kathi,Kazimir,Kathi.Kazimir@yopmail.com,Kathi.Kazimir@gmail.com,doctor,AOAamduEycnRBrWxkFPzvTWKi
904,Carlie,Ajay,Carlie.Ajay@yopmail.com,Carlie.Ajay@gmail.com,developer,mGkHgGKQQbIlZMOpJu
905,Cam,Neils,Cam.Neils@yopmail.com,Cam.Neils@gmail.com,firefighter,bvWe Ctex sUCqiLTDiA
906,Corry,Oscar,Corry.Oscar@yopmail.com,Corry.Oscar@gmail.com,developer,CaHOaS qEgQmKRXH
907,Cathyleen,Dash,Cathyleen.Dash@yopmail.com,Cathyleen.Dash@gmail.com,doctor,KtgiNXanfRFlyYBbeI
908,Isa,Graig,Isa.Graig@yopmail.com,Isa.Graig@gmail.com,firefighter,SIAycwIVaY
909,Sue,Rubie,Sue.Rubie@yopmail.com,Sue.Rubie@gmail.com,developer,BuqvbdHoxThAnZ
910,Esmeralda,Amadas,Esmeralda.Amadas@yopmail.com,Esmeralda.Amadas@gmail.com,police officer,ZhScvNMwjBqMUpoPssbStSSz
911,Chere,Roscoe,Chere.Roscoe@yopmail.com,Chere.Roscoe@gmail.com,police officer,rgHqNFykeTUuO YfaZRL
912,Marcelline,Kauppi,Marcelline.Kauppi@yopmail.com,Marcelline.Kauppi@gmail.com,firefighter,Ac IkloR
913,Codie,Santoro,Codie.Santoro@yopmail.com,Codie.Santoro@gmail.com,doctor,KWZfsOz
914,Deane,Rebecka,Deane.Rebecka@yopmail.com,Deane.Rebecka@gmail.com,firefighter,PJgGtbajlqWV
915,Leia,Melleta,Leia.Melleta@yopmail.com,Leia.Melleta@gmail.com,developer,wXlIkXMkKUsqzHUSkIUsKhEnD
916,Cherrita,Georgy,Cherrita.Georgy@yopmail.com,Cherrita.Georgy@gmail.com,police officer,neOdpozQcxuVzHGRK
917,Jaclyn,Schenck,Jaclyn.Schenck@yopmail.com,Jaclyn.Schenck@gmail.com,police officer,KsYyJXCZWirNHGMHzM ZHDqCA
918,Korrie,Daniele,Korrie.Daniele@yopmail.com,Korrie.Daniele@gmail.com,developer,cflWDdLnGhMopwQk
919,Karolina,Germann,Karolina.Germann@yopmail.com,Karolina.Germann@gmail.com,firefighter,xjigJTDpCw
920,Marcelline,Kolnick,Marcelline.Kolnick@yopmail.com,Marcelline.Kolnick@gmail.com,developer,JwuwPruiVRmpK BcpGrXHqb
921,Orsola,Bethany,Orsola.Bethany@yopmail.com,Orsola.Bethany@gmail.com,doctor,rdTOmD
922,Merle,Penelopa,Merle.Penelopa@yopmail.com,Merle.Penelopa@gmail.com,worker,iMVbwyvPfYz
923,Sibella,Cottle,Sibella.Cottle@yopmail.com,Sibella.Cottle@gmail.com,doctor,bhVOqZDYRAZZ
924,Aubrie,Brotherson,Aubrie.Brotherson@yopmail.com,Aubrie.Brotherson@gmail.com,doctor,vZIhzLSlZlCLroxLw
925,Blinni,Ambrosia,Blinni.Ambrosia@yopmail.com,Blinni.Ambrosia@gmail.com,firefighter,sKyaKusZSpQAfjncJa OWUx
926,Constance,Bonilla,Constance.Bonilla@yopmail.com,Constance.Bonilla@gmail.com,doctor,JnU
927,Nyssa,Izaak,Nyssa.Izaak@yopmail.com,Nyssa.Izaak@gmail.com,police officer,VNmw UC
928,Alisha,Esmaria,Alisha.Esmaria@yopmail.com,Alisha.Esmaria@gmail.com,doctor,wntvhUyGiPXPdFoCDwmeK
929,Kirbee,Caitlin,Kirbee.Caitlin@yopmail.com,Kirbee.Caitlin@gmail.com,firefighter,KgllAufPWAZV MJwKrjofN
930,Winifred,Wattenberg,Winifred.Wattenberg@yopmail.com,Winifred.Wattenberg@gmail.com,developer,htt Aziarwm
931,Karolina,Uund,Karolina.Uund@yopmail.com,Karolina.Uund@gmail.com,firefighter,QVMZRqCOkpeAiSjDTRTgtGqiF
932,Tarra,Jess,Tarra.Jess@yopmail.com,Tarra.Jess@gmail.com,police officer,JPsvMNXTx
933,Janey,Infield,Janey.Infield@yopmail.com,Janey.Infield@gmail.com,doctor,gwqEILQaWiUCJrBIlDz
934,Marika,Tybald,Marika.Tybald@yopmail.com,Marika.Tybald@gmail.com,firefighter,ObEkAHFiuv fwjbRcK
935,Trudie,Roche,Trudie.Roche@yopmail.com,Trudie.Roche@gmail.com,worker,nApMpsQoWxVCB
936,Renae,Warthman,Renae.Warthman@yopmail.com,Renae.Warthman@gmail.com,police officer,dUwkrQLLa
937,Ada,Atonsah,Ada.Atonsah@yopmail.com,Ada.Atonsah@gmail.com,doctor,OGTFVPZ GKMZl
938,Jordan,Stefa,Jordan.Stefa@yopmail.com,Jordan.Stefa@gmail.com,developer,XhMtPB
939,Fawne,Orpah,Fawne.Orpah@yopmail.com,Fawne.Orpah@gmail.com,worker,hIdQizANC qxtiSv
940,Nickie,Weinreb,Nickie.Weinreb@yopmail.com,Nickie.Weinreb@gmail.com,developer,rJKrxfyIuJtyimi
941,Rosanne,Montgomery,Rosanne.Montgomery@yopmail.com,Rosanne.Montgomery@gmail.com,firefighter,UU
942,Kellen,Pacorro,Kellen.Pacorro@yopmail.com,Kellen.Pacorro@gmail.com,police officer,RPuLlcqo eoi
943,Sheelagh,Gemini,Sheelagh.Gemini@yopmail.com,Sheelagh.Gemini@gmail.com,firefighter,"ZpIGGuvVBqTxbWzRVzS "
944,Kial,Bendick,Kial.Bendick@yopmail.com,Kial.Bendick@gmail.com,developer,oinTCeHidgUmV
945,Pierette,Etom,Pierette.Etom@yopmail.com,Pierette.Etom@gmail.com,developer,b jCYBHjGEUg
946,Lindie,Elephus,Lindie.Elephus@yopmail.com,Lindie.Elephus@gmail.com,worker,pW
947,Rubie,Hilbert,Rubie.Hilbert@yopmail.com,Rubie.Hilbert@gmail.com,police officer,LEdIOfCKXWynsauZI
948,Janis,Isacco,Janis.Isacco@yopmail.com,Janis.Isacco@gmail.com,firefighter,ZAJDFOinUZQYnPQsu
949,Sidoney,Pitt,Sidoney.Pitt@yopmail.com,Sidoney.Pitt@gmail.com,developer,HQEb HfGD
950,Lexine,Roarke,Lexine.Roarke@yopmail.com,Lexine.Roarke@gmail.com,doctor,yixPEZNAyPy kALpYvAz
951,Tomasina,Kauppi,Tomasina.Kauppi@yopmail.com,Tomasina.Kauppi@gmail.com,doctor,nmmnOKKHHOs
952,Starla,Ethban,Starla.Ethban@yopmail.com,Starla.Ethban@gmail.com,police officer,BCyIDKGxpxEMAZQXgPZFuSV
953,Lenna,Cassius,Lenna.Cassius@yopmail.com,Lenna.Cassius@gmail.com,doctor,WExmNlYS
954,Cyb,Vilma,Cyb.Vilma@yopmail.com,Cyb.Vilma@gmail.com,developer,MpDtXcjkWasnxzKYZ
955,Andeee,Drus,Andeee.Drus@yopmail.com,Andeee.Drus@gmail.com,doctor,BJj
956,Cherrita,Rurik,Cherrita.Rurik@yopmail.com,Cherrita.Rurik@gmail.com,police officer,ycEQOGRTt
957,Lily,Munn,Lily.Munn@yopmail.com,Lily.Munn@gmail.com,firefighter,lAr
958,Winifred,Brian,Winifred.Brian@yopmail.com,Winifred.Brian@gmail.com,developer,SAhIolWAslSErfMq
959,Edyth,Harday,Edyth.Harday@yopmail.com,Edyth.Harday@gmail.com,doctor,imUamfTdW
960,Ayn,Merriott,Ayn.Merriott@yopmail.com,Ayn.Merriott@gmail.com,worker,HSdcihM
961,Layla,Pyle,Layla.Pyle@yopmail.com,Layla.Pyle@gmail.com,doctor,BDpeFRpsOKc
962,Jessy,Morrill,Jessy.Morrill@yopmail.com,Jessy.Morrill@gmail.com,police officer,bHIhTPdhitNmlLJtDG
963,Kristan,Toffic,Kristan.Toffic@yopmail.com,Kristan.Toffic@gmail.com,worker,qbRe
964,Kassey,Nea,Kassey.Nea@yopmail.com,Kassey.Nea@gmail.com,developer," yMSyEXGvGQOvyERJKJKl"
965,Cristine,Georas,Cristine.Georas@yopmail.com,Cristine.Georas@gmail.com,doctor,PgrjWLBZOgZqsJ
966,Kellen,Bergman,Kellen.Bergman@yopmail.com,Kellen.Bergman@gmail.com,doctor,ol rMP qsemwkyNVklFyvEn
967,Tressa,Kaja,Tressa.Kaja@yopmail.com,Tressa.Kaja@gmail.com,firefighter,esEcx umHsHyVnszsuvYyIvA
968,Aryn,Konyn,Aryn.Konyn@yopmail.com,Aryn.Konyn@gmail.com,police officer,qvbwmnPbAeUjMzPUEaBiR
969,Quintina,Pulsifer,Quintina.Pulsifer@yopmail.com,Quintina.Pulsifer@gmail.com,firefighter,mdlGTFpnRFPhZ
970,Lanae,Poll,Lanae.Poll@yopmail.com,Lanae.Poll@gmail.com,firefighter,"XKbz "
971,Mureil,Sabella,Mureil.Sabella@yopmail.com,Mureil.Sabella@gmail.com,doctor,OlmjcNhzGTWTFkftNxh
972,Merrie,Knowling,Merrie.Knowling@yopmail.com,Merrie.Knowling@gmail.com,worker," QjplWjuuTB"
973,Kerrin,Jethro,Kerrin.Jethro@yopmail.com,Kerrin.Jethro@gmail.com,police officer,xwMIpjVejosJWOxndtEi
974,Janeczka,Ruvolo,Janeczka.Ruvolo@yopmail.com,Janeczka.Ruvolo@gmail.com,doctor,AqSlZFfSvbKXY
975,Lorenza,Ethban,Lorenza.Ethban@yopmail.com,Lorenza.Ethban@gmail.com,firefighter,"FtcuaJLKhHynJzz "
976,Vevay,Cookie,Vevay.Cookie@yopmail.com,Vevay.Cookie@gmail.com,doctor,dryZmEkTlMKsWBqyiAY
977,Zsa Zsa,Oster,Zsa Zsa.Oster@yopmail.com,Zsa Zsa.Oster@gmail.com,firefighter,kfIOtsjxdRcnYRim
978,Kathy,Ammann,Kathy.Ammann@yopmail.com,Kathy.Ammann@gmail.com,doctor,nJpnCvESeOoVFMOGfgvGKMfxaf
979,Yvonne,Bendick,Yvonne.Bendick@yopmail.com,Yvonne.Bendick@gmail.com,police officer,NZwnGfXVAHGvGKfZ
980,Jere,Lindemann,Jere.Lindemann@yopmail.com,Jere.Lindemann@gmail.com,developer,K fiFaEw
981,Stacey,Vanni,Stacey.Vanni@yopmail.com,Stacey.Vanni@gmail.com,doctor,Li yqucYXLUNmLh
982,Cathyleen,Schwejda,Cathyleen.Schwejda@yopmail.com,Cathyleen.Schwejda@gmail.com,developer,CaSxkjjF
983,Marguerite,Wolfgram,Marguerite.Wolfgram@yopmail.com,Marguerite.Wolfgram@gmail.com,firefighter,QISnpjJFJaZXQCk
984,Rosaline,Loring,Rosaline.Loring@yopmail.com,Rosaline.Loring@gmail.com,worker,vzfGuiUHsWTjKAqtjVOICW
985,Caressa,Nance,Caressa.Nance@yopmail.com,Caressa.Nance@gmail.com,firefighter,VLQbMqElKTQjRodCmi
986,Mireielle,Pauly,Mireielle.Pauly@yopmail.com,Mireielle.Pauly@gmail.com,police officer,aNjcDrAxirMROQ PlFDl
987,Dari,Lucienne,Dari.Lucienne@yopmail.com,Dari.Lucienne@gmail.com,firefighter,rwLZBkjZmkZSMfVpOxRy
988,Vinita,Haerr,Vinita.Haerr@yopmail.com,Vinita.Haerr@gmail.com,firefighter,a yYrMPPRMuhLTZAdXkn
989,Vanessa,Herrera,Vanessa.Herrera@yopmail.com,Vanessa.Herrera@gmail.com,developer,IgtFNyJplvugWaHNJKoaDenpN
990,Brooks,Merna,Brooks.Merna@yopmail.com,Brooks.Merna@gmail.com,police officer,Qk
991,Michaelina,Horan,Michaelina.Horan@yopmail.com,Michaelina.Horan@gmail.com,doctor,bUwKhiwDtFCHwBfDkiZJqubM
992,Gwyneth,Radu,Gwyneth.Radu@yopmail.com,Gwyneth.Radu@gmail.com,police officer,bltdIMvF
993,Ebonee,Margarete,Ebonee.Margarete@yopmail.com,Ebonee.Margarete@gmail.com,developer,lJBbYyYLlLBbz
994,Isa,Verger,Isa.Verger@yopmail.com,Isa.Verger@gmail.com,police officer,wBBtjFGKBNEJstHXLHCwWEDGpN
995,Henriette,Annice,Henriette.Annice@yopmail.com,Henriette.Annice@gmail.com,firefighter,WEo
996,Mignon,Silvan,Mignon.Silvan@yopmail.com,Mignon.Silvan@gmail.com,developer,egAMzDyyrOysNRVwzZd
997,Rosaline,Simmonds,Rosaline.Simmonds@yopmail.com,Rosaline.Simmonds@gmail.com,developer,ItoMBxy
998,Bobbi,Cressida,Bobbi.Cressida@yopmail.com,Bobbi.Cressida@gmail.com,developer,OIX KHbQYrjZFEmNvVjoq
999,Allis,Woodberry,Allis.Woodberry@yopmail.com,Allis.Woodberry@gmail.com,police officer,GtIASiqsRABWOLaLUmfDkJA
1000,Carree,Pierette,Carree.Pierette@yopmail.com,Carree.Pierette@gmail.com,developer,pWoxpIhXFeevqIsBbvHR
1001,Mireielle,Carey,Mireielle.Carey@yopmail.com,Mireielle.Carey@gmail.com,police officer,kiihAagVclBD
1002,Loree,Andrel,Loree.Andrel@yopmail.com,Loree.Andrel@gmail.com,doctor,H HTTpNGy
1003,Rubie,Leary,Rubie.Leary@yopmail.com,Rubie.Leary@gmail.com,worker,dCbXceT
1004,Elora,Sophronia,Elora.Sophronia@yopmail.com,Elora.Sophronia@gmail.com,doctor,VAwwutyiOazz
1005,Tersina,Schenck,Tersina.Schenck@yopmail.com,Tersina.Schenck@gmail.com,firefighter,TMGIDdbNHprPFVMQmxokEBu
1006,Dulce,Leary,Dulce.Leary@yopmail.com,Dulce.Leary@gmail.com,worker,tICSNdRI
1007,Ardeen,Vins,Ardeen.Vins@yopmail.com,Ardeen.Vins@gmail.com,worker,INpUUzmbDXKzphimk
1008,Brynna,Noelyn,Brynna.Noelyn@yopmail.com,Brynna.Noelyn@gmail.com,doctor,dhyIAcORyUGDkqZcsqg
1009,Dotty,Denis,Dotty.Denis@yopmail.com,Dotty.Denis@gmail.com,worker,nBHYdqCV
1010,Kristan,Carri,Kristan.Carri@yopmail.com,Kristan.Carri@gmail.com,doctor,"Ua "
1011,Maisey,Diogenes,Maisey.Diogenes@yopmail.com,Maisey.Diogenes@gmail.com,doctor,AAtRWeGWyzrccOp
1012,Jacquetta,Sawtelle,Jacquetta.Sawtelle@yopmail.com,Jacquetta.Sawtelle@gmail.com,worker,nXzSVCcZstnigdPKhyNdXoitfm
1013,Cristabel,Ashely,Cristabel.Ashely@yopmail.com,Cristabel.Ashely@gmail.com,police officer,utWEfAwrjYB
1014,Charlena,Wooster,Charlena.Wooster@yopmail.com,Charlena.Wooster@gmail.com,developer,GEFeBhnPnibAi
1015,Albertina,Quinn,Albertina.Quinn@yopmail.com,Albertina.Quinn@gmail.com,doctor,LImwXRzK T
1016,Ninnetta,Yoko,Ninnetta.Yoko@yopmail.com,Ninnetta.Yoko@gmail.com,firefighter,jw
1017,Carmencita,Waldron,Carmencita.Waldron@yopmail.com,Carmencita.Waldron@gmail.com,developer,cmOjDwZKagiEdx
1018,Therine,Pandolfi,Therine.Pandolfi@yopmail.com,Therine.Pandolfi@gmail.com,firefighter,HuQsxotxttdRMfkcIZdNs
1019,Blondelle,Konyn,Blondelle.Konyn@yopmail.com,Blondelle.Konyn@gmail.com,developer," cuswAsnCHKIcBHqovVgo"
1020,Vinita,Dreda,Vinita.Dreda@yopmail.com,Vinita.Dreda@gmail.com,firefighter,zlLdZcfjdyblHyfIrRl
1021,Charissa,Haerr,Charissa.Haerr@yopmail.com,Charissa.Haerr@gmail.com,developer,WSfWyf vZB
1022,Ileana,Monk,Ileana.Monk@yopmail.com,Ileana.Monk@gmail.com,worker,IFMuVzGAWKc  SM
1023,Rochette,Uird,Rochette.Uird@yopmail.com,Rochette.Uird@gmail.com,firefighter,Gu x
1024,Aurore,Argus,Aurore.Argus@yopmail.com,Aurore.Argus@gmail.com,developer,UAiygiE
1025,Mellicent,Gert,Mellicent.Gert@yopmail.com,Mellicent.Gert@gmail.com,police officer,Rir O
1026,Annaliese,Maples,Annaliese.Maples@yopmail.com,Annaliese.Maples@gmail.com,police officer," o"
1027,Linet,Gualtiero,Linet.Gualtiero@yopmail.com,Linet.Gualtiero@gmail.com,police officer,kGWRX
1028,Maridel,Jeanne,Maridel.Jeanne@yopmail.com,Maridel.Jeanne@gmail.com,firefighter,OEpiIKLFHdcmRyDDJiiJoG
1029,Berta,Korey,Berta.Korey@yopmail.com,Berta.Korey@gmail.com,doctor,Z bvDfKT jZ
1030,Shandie,Gaal,Shandie.Gaal@yopmail.com,Shandie.Gaal@gmail.com,worker,ZjDcAbLylT
1031,Ericka,Goddard,Ericka.Goddard@yopmail.com,Ericka.Goddard@gmail.com,firefighter,UgtqtjQpUqCgNZoWNvT
1032,Sue,Melleta,Sue.Melleta@yopmail.com,Sue.Melleta@gmail.com,doctor,UprlkRpRG
1033,Susan,Nahum,Susan.Nahum@yopmail.com,Susan.Nahum@gmail.com,doctor,ldAphgNoWeNyrngnogNEvvJprR
1034,Babita,Margarete,Babita.Margarete@yopmail.com,Babita.Margarete@gmail.com,developer,dTREQgViKrNbaZKmYXyXaE
1035,Dorene,Bahr,Dorene.Bahr@yopmail.com,Dorene.Bahr@gmail.com,developer,nLGlkrfWgcaW
1036,Yolane,Geffner,Yolane.Geffner@yopmail.com,Yolane.Geffner@gmail.com,firefighter,"NoLXwiqdelHKNqageYvQx "
1037,Hallie,Henrie,Hallie.Henrie@yopmail.com,Hallie.Henrie@gmail.com,doctor,wFBdVctbyRGrprZxA k
1038,Emma,Narton,Emma.Narton@yopmail.com,Emma.Narton@gmail.com,police officer,VrMuclJiP
1039,Damaris,Gibbeon,Damaris.Gibbeon@yopmail.com,Damaris.Gibbeon@gmail.com,doctor,CrionRmgDLaBuxnkzIfkRiNlim
1040,Rosanne,Abram,Rosanne.Abram@yopmail.com,Rosanne.Abram@gmail.com,firefighter,wfrqVdlgEbnrxviiqXCKXL
1041,Alleen,Pettiford,Alleen.Pettiford@yopmail.com,Alleen.Pettiford@gmail.com,firefighter,gsokVBGaDACHXTdF
1042,Sharlene,Minetta,Sharlene.Minetta@yopmail.com,Sharlene.Minetta@gmail.com,developer,nZhIBJzqgp
1043,Netty,Greenwald,Netty.Greenwald@yopmail.com,Netty.Greenwald@gmail.com,developer,wTlZKFRUYxFN
1044,Cecile,Paton,Cecile.Paton@yopmail.com,Cecile.Paton@gmail.com,worker,AlqafdoKtdRyLvcDz
1045,Pollyanna,Naor,Pollyanna.Naor@yopmail.com,Pollyanna.Naor@gmail.com,worker,xsYlppNwC
1046,Pearline,Iphlgenia,Pearline.Iphlgenia@yopmail.com,Pearline.Iphlgenia@gmail.com,police officer,jHINOybIharUoGbHps
1047,Ariela,Marlie,Ariela.Marlie@yopmail.com,Ariela.Marlie@gmail.com,worker,XBD
1048,Nonnah,Anis,Nonnah.Anis@yopmail.com,Nonnah.Anis@gmail.com,firefighter,qQnsNBV OBxukJrR
1049,Lauryn,Jaylene,Lauryn.Jaylene@yopmail.com,Lauryn.Jaylene@gmail.com,firefighter,xAu
1050,Celene,Ferino,Celene.Ferino@yopmail.com,Celene.Ferino@gmail.com,police officer,qHVxqaLj YHAbRfzsgUPWL
1051,Estell,Cornelia,Estell.Cornelia@yopmail.com,Estell.Cornelia@gmail.com,police officer,WUqyZVURozXkvs
1052,Jolyn,Heisel,Jolyn.Heisel@yopmail.com,Jolyn.Heisel@gmail.com,police officer,bNhJgVJbIA
1053,Dorice,Hoban,Dorice.Hoban@yopmail.com,Dorice.Hoban@gmail.com,worker,q GuznneBEnsMMI
1054,Frances,Koehler,Frances.Koehler@yopmail.com,Frances.Koehler@gmail.com,police officer,QuQmItTwhNVMfZeEbqLLeWN
1055,Ardys,Shaver,Ardys.Shaver@yopmail.com,Ardys.Shaver@gmail.com,police officer,pwLTWGsSeby
1056,Louella,Reneta,Louella.Reneta@yopmail.com,Louella.Reneta@gmail.com,doctor,fbvUbPTxlWOGRxOwMGVJBgW
1057,Karly,Ariella,Karly.Ariella@yopmail.com,Karly.Ariella@gmail.com,police officer,XKN
1058,Sybille,Sherrie,Sybille.Sherrie@yopmail.com,Sybille.Sherrie@gmail.com,firefighter,wPUDgmN
1059,Lisette,Sherfield,Lisette.Sherfield@yopmail.com,Lisette.Sherfield@gmail.com,firefighter,rldvP
1060,Viviene,Obed,Viviene.Obed@yopmail.com,Viviene.Obed@gmail.com,developer,nDRqVvBJJT
1061,Lelah,Papageno,Lelah.Papageno@yopmail.com,Lelah.Papageno@gmail.com,firefighter,fFfqSNZdnz
1062,Modestia,Juliet,Modestia.Juliet@yopmail.com,Modestia.Juliet@gmail.com,developer,CFSgQrYHfEMOPXCLSRcCXT
1063,Leona,Magdalen,Leona.Magdalen@yopmail.com,Leona.Magdalen@gmail.com,developer,xLWthnejmfktFrmiP
1064,Pearline,Colleen,Pearline.Colleen@yopmail.com,Pearline.Colleen@gmail.com,worker,koDnNEeCIE
1065,Albertina,Vary,Albertina.Vary@yopmail.com,Albertina.Vary@gmail.com,worker,JmdYqoNWFPWKj
1066,Bobbi,Boycey,Bobbi.Boycey@yopmail.com,Bobbi.Boycey@gmail.com,worker,kl
1067,Gusty,Ellerey,Gusty.Ellerey@yopmail.com,Gusty.Ellerey@gmail.com,firefighter,Y QtxRJmAWtPHXaV
1068,Alexine,Kirbee,Alexine.Kirbee@yopmail.com,Alexine.Kirbee@gmail.com,worker,fkGlwGHfuxhZfuwEHi wIxdu
1069,Modestia,Payson,Modestia.Payson@yopmail.com,Modestia.Payson@gmail.com,firefighter,jDEtyAWFtrTkSDthHLyALcIa
1070,Stephanie,Han,Stephanie.Han@yopmail.com,Stephanie.Han@gmail.com,developer,YQJZnkBIAmb
1071,Alyda,Callista,Alyda.Callista@yopmail.com,Alyda.Callista@gmail.com,developer,xDGHYrXIzyYHmrevOZPmro
1072,Amara,Hillel,Amara.Hillel@yopmail.com,Amara.Hillel@gmail.com,doctor,be
1073,Karlee,Hathaway,Karlee.Hathaway@yopmail.com,Karlee.Hathaway@gmail.com,firefighter,PqwgWchu mPUvmJWBQJduQaFj
1074,Farrah,Pillsbury,Farrah.Pillsbury@yopmail.com,Farrah.Pillsbury@gmail.com,firefighter,vXAjGaaMDMQmbZmDRh
1075,Tamqrah,Flita,Tamqrah.Flita@yopmail.com,Tamqrah.Flita@gmail.com,firefighter,WMIIXumEeC
1076,Michaelina,Gwenore,Michaelina.Gwenore@yopmail.com,Michaelina.Gwenore@gmail.com,firefighter,ljKUCcJekAc
1077,Kalina,Toffic,Kalina.Toffic@yopmail.com,Kalina.Toffic@gmail.com,developer,nRuISLscli
1078,Annaliese,Hurley,Annaliese.Hurley@yopmail.com,Annaliese.Hurley@gmail.com,doctor,eNUeHgpVl
1079,Di,Hepsibah,Di.Hepsibah@yopmail.com,Di.Hepsibah@gmail.com,doctor,ts
1080,Violet,Alva,Violet.Alva@yopmail.com,Violet.Alva@gmail.com,firefighter,qSSqm
1081,Anica,Ailyn,Anica.Ailyn@yopmail.com,Anica.Ailyn@gmail.com,developer,ZqBBORRlo
1082,Evita,Dominy,Evita.Dominy@yopmail.com,Evita.Dominy@gmail.com,firefighter,vmWlPONH Lwl
1083,Kristan,Brandice,Kristan.Brandice@yopmail.com,Kristan.Brandice@gmail.com,police officer,ostldNIM
1084,Diena,Ralfston,Diena.Ralfston@yopmail.com,Diena.Ralfston@gmail.com,worker,yARLHgKIox rIrye
1085,Adelle,Shields,Adelle.Shields@yopmail.com,Adelle.Shields@gmail.com,firefighter,"Xmyr "
1086,Jaime,Stelle,Jaime.Stelle@yopmail.com,Jaime.Stelle@gmail.com,doctor,sPkGQlL
1087,Zia,Miru,Zia.Miru@yopmail.com,Zia.Miru@gmail.com,developer,fsTNMNRuIWDYAih
1088,Lindie,Faust,Lindie.Faust@yopmail.com,Lindie.Faust@gmail.com,police officer,nFVbH
1089,Robbi,Blake,Robbi.Blake@yopmail.com,Robbi.Blake@gmail.com,firefighter,dZjzVQJjbdjQPIXHPpsHUX
1090,Edee,Tyson,Edee.Tyson@yopmail.com,Edee.Tyson@gmail.com,doctor,AmZtkzETaliZkPNGedV MW
1091,Reeba,Publia,Reeba.Publia@yopmail.com,Reeba.Publia@gmail.com,developer,UMxG
1092,Lynnea,Lemuela,Lynnea.Lemuela@yopmail.com,Lynnea.Lemuela@gmail.com,police officer,id pxsM Zwtx
1093,Susan,Claudine,Susan.Claudine@yopmail.com,Susan.Claudine@gmail.com,firefighter,weypeV LNezvztrtKZMcwo
1094,Heida,Bohlin,Heida.Bohlin@yopmail.com,Heida.Bohlin@gmail.com,developer,hYcicSFXumIsg
1095,Ingrid,Delila,Ingrid.Delila@yopmail.com,Ingrid.Delila@gmail.com,developer,JmWItUjqcoUvMnfpaYoLsX
1096,Oralee,Delp,Oralee.Delp@yopmail.com,Oralee.Delp@gmail.com,firefighter,dDeIoYCAu
1097,Margette,Willie,Margette.Willie@yopmail.com,Margette.Willie@gmail.com,worker,q TutyZbwZTngUclfC
1098,Meriel,Rustice,Meriel.Rustice@yopmail.com,Meriel.Rustice@gmail.com,firefighter,cMV TOtYYac pKNcQg SNkx
1099,Arabel,Colyer,Arabel.Colyer@yopmail.com,Arabel.Colyer@gmail.com,worker,FSGXLFUCCK