1,Eleanora,Reed,ereed0@theguardian.com,Polygender,20.254.16.209,declared
2,Perkin,Fieldgate,pfieldgate1@jalbum.net,Female,203.113.31.123,declared
3,Rance,Chieco,rchieco2@devhub.com,Male,26.12.113.190,in progress
4,Norean,McVane,nmcvane3@nydailynews.com,Male,238.230.109.246,in progress
5,Eduino,Derobert,ederobert4@imdb.com,Female,194.186.218.255,in progress
6,Phaidra,Rummin,prummin5@taobao.com,Male,29.185.81.50,declared
7,Ursula,Kelwaybamber,ukelwaybamber6@skype.com,Male,189.149.146.80,in progress
8,Birch,Wisher,bwisher7@abc.net.au,Bigender,107.90.135.165,declared
9,Dahlia,Nicholls,dnicholls8@dmoz.org,Male,93.121.232.15,in progress
10,Katine,Luchelli,kluchelli9@wix.com,Female,131.7.214.247,declared
11,Annecorinne,Limeburn,alimeburna@usda.gov,Female,132.74.182.22,in progress
12,Kane,Oscroft,koscroftb@ucoz.com,Female,74.16.1.21,in progress
13,Amandy,Kelson,akelsonc@wordpress.org,Male,21.127.4.167,declared
14,Anders,Zanetello,azanetellod@alexa.com,Male,179.211.67.204,declared
15,Idalia,Iddiens,iiddiense@mapy.cz,Female,15.153.196.8,in progress
16,Rey,Langhor,rlanghorf@linkedin.com,Female,222.190.86.33,in progress
17,Patin,Kearn,pkearng@stumbleupon.com,Female,230.107.67.219,declared
18,Hasheem,Fairburne,hfairburneh@google.nl,Female,12.161.34.252,in progress
19,Keane,Crosoer,kcrosoeri@yahoo.com,Female,115.228.172.188,in progress
20,Blithe,Aymer,baymerj@zimbio.com,Female,81.100.245.78,declared
21,Hana,Dunstone,hdunstonek@moonfruit.com,Male,13.131.69.101,declared
22,Gregg,Eagell,geagelll@admin.ch,Male,211.64.154.37,declared
23,Kathlin,Beardsdale,kbeardsdalem@sciencedaily.com,Female,94.3.43.85,in progress
24,Welby,Figgen,wfiggenn@github.io,Male,253.163.106.28,in progress
25,Simone,Stritton,sstrittono@merriam-webster.com,Female,66.9.209.80,declared
26,Johnathon,Hearn,jhearnp@nationalgeographic.com,Female,141.205.73.164,in progress
27,Christabella,Heady,cheadyq@cnn.com,Female,197.24.74.190,declared
28,Mikel,Wikey,mwikeyr@marriott.com,Female,25.105.20.223,in progress
29,Rozamond,Blei,rbleis@utexas.edu,Female,192.31.89.49,in progress
30,Dorena,Shelton,dsheltont@ebay.com,Male,159.228.31.170,declared
31,Jessalyn,Gallihawk,jgallihawku@shinystat.com,Genderqueer,46.242.138.100,declared
32,Cesar,Murie,cmuriev@wikia.com,Female,138.249.219.215,declared
33,Melicent,Apted,maptedw@feedburner.com,Female,148.131.30.29,in progress
34,Krysta,Anslow,kanslowx@ifeng.com,Male,165.91.178.52,in progress
35,Belva,Herche,bherchey@guardian.co.uk,Female,101.236.103.248,declared
36,Malva,Melrose,mmelrosez@meetup.com,Female,151.202.137.19,in progress
37,Eugenio,Arkell,earkell10@prweb.com,Male,123.105.107.83,in progress
38,Olav,Duell,oduell11@google.com.hk,Male,243.89.87.10,declared
39,Terrell,Lowre,tlowre12@newsvine.com,Female,63.86.175.17,in progress
40,Albert,Kimberley,akimberley13@github.io,Genderfluid,103.90.62.82,in progress
41,Eustace,Courage,ecourage14@hibu.com,Female,208.17.3.178,declared
42,Stu,Bernucci,sbernucci15@digg.com,Female,171.97.113.119,declared
43,Peggy,Kittel,pkittel16@list-manage.com,Female,106.145.101.118,in progress
44,Odella,Breach,obreach17@icq.com,Male,230.213.15.67,declared
45,Nadya,Eblein,neblein18@usgs.gov,Female,226.129.71.0,in progress
46,Ariadne,Morant,amorant19@skyrock.com,Male,137.73.96.36,in progress
47,Beverlie,Jecock,bjecock1a@ifeng.com,Genderfluid,225.14.132.143,declared
48,Ximenes,Pick,xpick1b@hibu.com,Female,246.194.129.8,in progress
49,Vilma,Whittleton,vwhittleton1c@newsvine.com,Male,58.4.213.234,declared
50,Elita,Callaghan,ecallaghan1d@canalblog.com,Female,67.186.92.1,declared
51,Chadwick,Osgorby,cosgorby1e@jalbum.net,Male,226.26.113.243,declared
52,Ardeen,Rubinsztein,arubinsztein1f@si.edu,Male,82.83.96.22,declared
53,Amabelle,Matschke,amatschke1g@google.es,Male,189.184.168.87,in progress
54,Germayne,Haspineall,ghaspineall1h@typepad.com,Female,82.178.236.112,declared
55,Marge,Sparshett,msparshett1i@w3.org,Non-binary,215.155.242.68,in progress
56,Robinia,Lovat,rlovat1j@intel.com,Female,46.33.60.94,in progress
57,Jayme,De Lascy,jdelascy1k@ucsd.edu,Male,122.220.191.187,declared
58,Deeanne,Schoales,dschoales1l@scribd.com,Male,181.202.119.225,in progress
59,Constantine,Needham,cneedham1m@google.co.jp,Bigender,9.68.13.85,in progress
60,Juana,Volage,jvolage1n@mit.edu,Female,214.249.64.45,in progress
61,Jarib,Pardal,jpardal1o@meetup.com,Female,125.116.239.173,in progress
62,Reed,Antonomolii,rantonomolii1p@twitter.com,Male,152.45.23.125,in progress
63,Wainwright,Bray,wbray1q@sciencedirect.com,Male,118.81.47.64,in progress
64,Mel,Devonish,mdevonish1r@cbsnews.com,Agender,141.236.102.7,in progress
65,Alistair,Bastock,abastock1s@dyndns.org,Male,218.85.63.89,in progress
66,Emile,Saket,esaket1t@wisc.edu,Male,94.105.38.216,in progress
67,Warner,Frediani,wfrediani1u@thetimes.co.uk,Female,122.218.209.32,in progress
68,Vincenty,Devita,vdevita1v@google.com.br,Male,102.54.171.7,in progress
69,Jeanne,Poletto,jpoletto1w@theguardian.com,Male,246.231.239.96,in progress
70,Milli,Gilbody,mgilbody1x@tiny.cc,Female,97.160.70.173,declared
71,Emory,Willison,ewillison1y@reuters.com,Female,246.33.156.10,in progress
72,Ulrikaumeko,Davids,udavids1z@sbwire.com,Female,72.65.231.220,in progress
73,Garvin,Bawcock,gbawcock20@wordpress.com,Male,145.200.98.238,in progress
74,Vivien,Leece,vleece21@eventbrite.com,Female,143.75.41.201,declared
75,Barbara,Denkel,bdenkel22@homestead.com,Female,156.8.110.158,declared
76,Christabel,Moralas,cmoralas23@blogspot.com,Male,13.144.242.78,declared
77,Adrianna,Eickhoff,aeickhoff24@ca.gov,Genderqueer,15.11.146.243,declared
78,Townie,McQuorkell,tmcquorkell25@baidu.com,Male,126.119.74.187,in progress
79,Palm,Eccles,peccles26@nymag.com,Male,210.1.254.78,in progress
80,Ibrahim,Grayling,igrayling27@imgur.com,Male,10.143.142.171,in progress
81,Lazaro,Laycock,llaycock28@yelp.com,Male,195.159.46.94,in progress
82,Ewell,Truwert,etruwert29@adobe.com,Male,23.138.114.94,in progress
83,Emmalyn,Dunne,edunne2a@vk.com,Male,55.105.164.111,declared
84,Sarajane,Pietruschka,spietruschka2b@biglobe.ne.jp,Female,19.249.245.186,declared
85,Beverie,Baudacci,bbaudacci2c@usatoday.com,Male,163.217.178.20,declared
86,Nichole,Luby,nluby2d@bigcartel.com,Female,182.199.164.51,in progress
87,Tiena,Dupree,tdupree2e@creativecommons.org,Female,125.106.222.87,in progress
88,Felicia,Iglesiaz,figlesiaz2f@tumblr.com,Bigender,53.8.214.129,in progress
89,Martica,Szymaniak,mszymaniak2g@bigcartel.com,Male,21.70.204.248,in progress
90,Nesta,Navarijo,nnavarijo2h@senate.gov,Female,182.163.230.116,declared
91,Bink,Thicking,bthicking2i@miibeian.gov.cn,Female,49.146.120.127,declared
92,Corbet,Browett,cbrowett2j@themeforest.net,Female,72.161.157.254,declared
93,Jocelin,Lanchberry,jlanchberry2k@vistaprint.com,Female,20.254.135.183,in progress
94,Shanna,Swepson,sswepson2l@washingtonpost.com,Female,10.170.232.179,declared
95,Enrika,Napoleone,enapoleone2m@blogtalkradio.com,Male,198.181.42.78,in progress
96,Dinah,Ramsell,dramsell2n@google.com.au,Male,40.196.18.157,in progress
97,Juanita,Cockren,jcockren2o@who.int,Female,53.148.40.200,in progress
98,Bartel,Andress,bandress2p@nih.gov,Male,154.208.115.211,in progress
99,Micheline,Mottini,mmottini2q@cafepress.com,Female,121.120.70.93,in progress
100,Janice,Gionettitti,jgionettitti2r@list-manage.com,Male,249.65.105.0,in progress