1,Holli,Brannon,hbrannon0@wordpress.org,Female,189.185.209.144
2,Adrienne,McPhelim,amcphelim1@mapy.cz,Male,217.195.68.78
3,Stormie,Killingback,skillingback2@npr.org,Male,52.101.168.67
4,Sheila-kathryn,Wabe,swabe3@prnewswire.com,Male,251.243.22.6
5,Fionnula,Corrie,fcorrie4@hatena.ne.jp,Female,93.73.185.29
6,Georges,Farrey,gfarrey5@apache.org,Female,165.85.133.127
7,Yvonne,Culpan,yculpan6@ted.com,Male,89.233.47.164
8,Lucie,Ong,long7@shutterfly.com,Female,24.9.204.38
9,Janeczka,Bogart,jbogart8@smh.com.au,Female,53.144.191.0
10,Maximilian,Cissen,mcissen9@ca.gov,Male,67.37.249.244
11,Valerye,MacKilroe,vmackilroea@forbes.com,Female,129.84.44.193
12,Cloris,Bourgour,cbourgourb@berkeley.edu,Female,213.194.183.231
13,Terry,Alen,talenc@imgur.com,Male,74.110.216.219
14,Homer,Kits,hkitsd@multiply.com,Female,41.217.101.240
15,Perri,Wandless,pwandlesse@sciencedaily.com,Female,91.100.190.109
16,Suki,Fiander,sfianderf@e-recht24.de,Male,142.213.87.23
17,Esta,Twidell,etwidellg@uiuc.edu,Male,121.131.44.227
18,Siana,Waddam,swaddamh@gizmodo.com,Male,25.50.83.195
19,Emiline,Lyne,elynei@jalbum.net,Male,192.73.95.97
20,Michel,McHaffy,mmchaffyj@over-blog.com,Male,109.5.48.155
21,Gilda,Prestige,gprestigek@so-net.ne.jp,Male,166.124.2.233
22,Crista,Guiver,cguiverl@apache.org,Female,239.29.31.24
23,Amos,Denyakin,adenyakinm@narod.ru,Male,31.215.51.73
24,Merle,Frank,mfrankn@123-reg.co.uk,Female,164.246.57.70
25,Cheston,Kneller,cknellero@php.net,Female,47.35.75.77
26,Cleavland,Fulun,cfulunp@home.pl,Male,10.39.175.203
27,Arlyn,Skewis,askewisq@ezinearticles.com,Female,14.9.81.10
28,Baird,Got,bgotr@squarespace.com,Male,112.253.165.156
29,Orelie,Kwietak,okwietaks@csmonitor.com,Female,78.11.103.166
30,Floyd,Allabarton,fallabartont@omniture.com,Female,23.62.231.3
31,Keir,Boden,kbodenu@businessweek.com,Female,207.51.111.195
32,Adrianna,Jodkowski,ajodkowskiv@dyndns.org,Female,73.106.12.111
33,Gavin,Giampietro,ggiampietrow@patch.com,Non-binary,71.43.222.70
34,Sara-ann,Mackney,smackneyx@wired.com,Male,164.252.163.236
35,Bertha,Cowlishaw,bcowlishawy@mail.ru,Male,15.58.195.38
36,Nissie,Pinson,npinsonz@facebook.com,Female,62.163.74.54
37,Holt,Berfoot,hberfoot10@salon.com,Male,10.210.141.159
38,Frankie,O'Hengerty,fohengerty11@example.com,Female,18.150.75.7
39,Rania,Wallhead,rwallhead12@msu.edu,Female,8.62.90.83
40,Lizette,Sabates,lsabates13@mozilla.com,Male,13.190.163.92
41,Jordanna,Doni,jdoni14@ihg.com,Female,106.192.36.19
42,Audra,Goldman,agoldman15@java.com,Polygender,254.245.178.173
43,Trisha,Spawell,tspawell16@example.com,Female,214.218.69.230
44,Winnie,Obern,wobern17@sphinn.com,Male,125.91.229.99
45,Cahra,Ranaghan,cranaghan18@vistaprint.com,Female,2.40.108.35
46,Sergeant,Senechell,ssenechell19@harvard.edu,Male,0.228.70.109
47,Wenda,Wallicker,wwallicker1a@behance.net,Female,79.121.191.222
48,Bronnie,Boule,bboule1b@amazon.de,Male,241.119.238.229
49,Jacynth,Daltrey,jdaltrey1c@linkedin.com,Female,52.79.50.110
50,Stewart,Gellert,sgellert1d@noaa.gov,Male,169.148.122.176
51,Dorena,Tweedy,dtweedy1e@ucoz.ru,Non-binary,253.234.166.165
52,Evangelia,Brimner,ebrimner1f@tinyurl.com,Male,93.206.120.169
53,Stefa,Skittrall,sskittrall1g@newsvine.com,Female,110.88.229.94
54,Peg,Buzine,pbuzine1h@google.com.br,Male,220.183.223.35
55,Ignacius,Pavlitschek,ipavlitschek1i@narod.ru,Male,96.64.165.254
56,Anet,Poyzer,apoyzer1j@arstechnica.com,Male,6.134.207.166
57,Christoph,Black,cblack1k@xinhuanet.com,Female,251.19.133.142
58,Andrea,Powley,apowley1l@printfriendly.com,Agender,159.20.235.164
59,Shermie,Cattlow,scattlow1m@telegraph.co.uk,Female,52.198.95.8
60,Kahaleel,Debold,kdebold1n@discovery.com,Agender,117.66.2.183
61,Katha,Owttrim,kowttrim1o@nasa.gov,Male,118.80.229.121
62,Sam,Bourthouloume,sbourthouloume1p@marriott.com,Genderfluid,91.26.214.177
63,Peggie,Meysham,pmeysham1q@phpbb.com,Male,248.212.187.40
64,Jessee,de Tocqueville,jdetocqueville1r@over-blog.com,Male,215.20.183.18
65,Gussi,Rivitt,grivitt1s@toplist.cz,Male,223.17.27.62
66,Sandor,Brunicke,sbrunicke1t@irs.gov,Male,109.24.29.48
67,Burlie,Samms,bsamms1u@wix.com,Female,5.38.85.207
68,Aaren,Stit,astit1v@jiathis.com,Male,176.65.38.114
69,Norma,Waterfall,nwaterfall1w@usnews.com,Male,71.106.69.226
70,Aleece,Bugbird,abugbird1x@nih.gov,Male,151.255.109.65
71,Nevsa,Moreland,nmoreland1y@yale.edu,Male,183.35.249.127
72,Corabel,Boles,cboles1z@dmoz.org,Female,252.173.18.103
73,Noelani,Creak,ncreak20@ask.com,Female,135.246.224.68
74,Rikki,Burfield,rburfield21@taobao.com,Non-binary,200.166.181.253
75,Selinda,Petworth,spetworth22@so-net.ne.jp,Female,145.238.147.91
76,Norton,Loblie,nloblie23@dot.gov,Female,147.186.71.200
77,Mureil,Anten,manten24@princeton.edu,Male,69.137.184.88
78,Grenville,Trewhitt,gtrewhitt25@oracle.com,Genderqueer,36.193.3.27
79,Dominique,Atcock,datcock26@jiathis.com,Male,46.135.90.100
80,Catherine,Diffley,cdiffley27@ameblo.jp,Female,82.35.211.49
81,Merl,Faers,mfaers28@stanford.edu,Male,209.254.56.5
82,Tommie,Nield,tnield29@omniture.com,Female,203.56.118.107
83,Jecho,Braferton,jbraferton2a@people.com.cn,Female,76.176.55.61
84,Arthur,Henze,ahenze2b@foxnews.com,Bigender,226.223.102.128
85,Flor,Stockle,fstockle2c@jalbum.net,Non-binary,81.46.206.168
86,Cart,Polfer,cpolfer2d@mtv.com,Female,230.30.162.232
87,Sebastian,Ponde,sponde2e@europa.eu,Female,119.194.236.32
88,Benoit,Pallesen,bpallesen2f@freewebs.com,Female,100.210.244.47
89,Arte,Aitken,aaitken2g@ycombinator.com,Female,145.1.61.175
90,Austina,Cometto,acometto2h@ed.gov,Male,78.30.91.180
91,Hilary,Wilcott,hwilcott2i@nbcnews.com,Male,125.63.230.203
92,Bank,Farnall,bfarnall2j@sitemeter.com,Female,62.218.236.142
93,Ave,Caunter,acaunter2k@nih.gov,Genderfluid,170.191.196.98
94,Violante,Scading,vscading2l@dailymail.co.uk,Female,165.129.48.239
95,Avivah,Bryson,abryson2m@businessinsider.com,Male,133.215.205.73
96,Jeni,Cunrado,jcunrado2n@slideshare.net,Male,49.99.204.189
97,Aindrea,Klimsch,aklimsch2o@google.ca,Female,210.174.217.171
98,Bengt,Swayton,bswayton2p@sogou.com,Female,235.255.39.156
99,Amble,Dennerly,adennerly2q@loc.gov,Female,189.128.172.120
100,Moyra,Geroldi,mgeroldi2r@msn.com,Male,52.236.232.56