1,Patty,Mountjoy,pmountjoy0@wisc.edu,Male,29.224.11.118
2,Obadiah,Dewane,odewane1@stumbleupon.com,Female,183.149.237.158
3,Bear,Tallet,btallet2@blogs.com,Male,81.110.123.222
4,Fidelia,Mordin,fmordin3@webmd.com,Male,45.254.77.66
5,Kaylyn,Sire,ksire4@woothemes.com,Male,25.62.143.191
6,Shaine,Prosch,sprosch5@samsung.com,Male,63.70.207.226
7,Hector,Piniur,hpiniur6@java.com,Male,151.62.117.198
8,Nancy,Meriot,nmeriot7@tamu.edu,Female,235.130.153.39
9,Henry,Delafont,hdelafont8@vistaprint.com,Male,17.57.117.161
10,Sydney,Godbald,sgodbald9@dyndns.org,Male,14.85.190.239
11,Melody,Cody,mcodya@cnbc.com,Male,97.170.74.252
12,Hillyer,Rubinshtein,hrubinshteinb@omniture.com,Male,50.247.27.27
13,Neely,Prescote,nprescotec@mapy.cz,Female,153.132.2.175
14,Charlie,Banaszkiewicz,cbanaszkiewiczd@networksolutions.com,Male,161.218.76.185
15,Leon,Hoggetts,lhoggettse@phpbb.com,Male,9.210.65.110
16,Salvador,Starsmore,sstarsmoref@canalblog.com,Male,95.141.36.171
17,Korey,Binch,kbinchg@vk.com,Female,65.252.45.241
18,Napoleon,Perview,nperviewh@meetup.com,Female,110.244.154.188
19,Templeton,Dorney,tdorneyi@boston.com,Male,202.84.216.59
20,Dominique,Perrycost,dperrycostj@4shared.com,Female,233.223.34.32
21,Albertina,Mc Queen,amcqueenk@reverbnation.com,Male,241.241.72.99
22,Cesar,Cohane,ccohanel@clickbank.net,Female,23.242.29.5
23,Pavia,Walling,pwallingm@un.org,Male,194.38.125.204
24,Vanna,Sunnex,vsunnexn@jimdo.com,Male,172.245.133.201
25,Tonya,Bell,tbello@eventbrite.com,Male,154.69.102.247
26,Homer,Di Pietro,hdipietrop@spiegel.de,Female,213.58.215.250
27,Elston,Pharo,epharoq@mail.ru,Female,227.17.6.247
28,Whitney,Wakelin,wwakelinr@dropbox.com,Male,141.69.61.219
29,Packston,Woodwin,pwoodwins@uol.com.br,Male,221.36.33.248
30,Frank,Chadband,fchadbandt@usgs.gov,Agender,46.233.13.194
31,Zorah,Carrol,zcarrolu@mlb.com,Female,72.231.162.169
32,Perry,Graser,pgraserv@1688.com,Female,242.95.58.216
33,Missie,Danett,mdanettw@example.com,Female,129.151.188.84
34,Ewart,Agott,eagottx@jalbum.net,Female,56.144.159.206
35,Rutledge,Choake,rchoakey@dagondesign.com,Male,231.104.117.161
36,Breanne,Phillips,bphillipsz@hatena.ne.jp,Female,73.98.180.156
37,Emalia,Nibley,enibley10@mysql.com,Female,185.194.207.107
38,Roxie,D'Oyly,rdoyly11@japanpost.jp,Bigender,167.17.233.210
39,Em,Abrahim,eabrahim12@flavors.me,Female,47.152.207.93
40,Sena,Minton,sminton13@msu.edu,Female,74.120.11.85
41,Lizabeth,Tildesley,ltildesley14@hp.com,Male,90.153.52.177
42,Aldrich,Blaes,ablaes15@github.com,Male,165.224.50.57
43,Ina,Suttaby,isuttaby16@gravatar.com,Male,95.211.153.221
44,Jolyn,Doucette,jdoucette17@princeton.edu,Male,20.34.237.143
45,Emmeline,Jaye,ejaye18@bizjournals.com,Male,142.41.76.81
46,Karil,Anney,kanney19@sbwire.com,Male,196.2.129.55
47,Lew,Glen,lglen1a@ed.gov,Genderfluid,193.9.127.28
48,Rab,De Ambrosi,rdeambrosi1b@europa.eu,Male,92.153.78.237
49,Chantalle,Narup,cnarup1c@sakura.ne.jp,Male,34.222.162.231
50,Travers,Rosenblatt,trosenblatt1d@nps.gov,Male,10.97.200.1
51,Henriette,McAlroy,hmcalroy1e@friendfeed.com,Agender,235.137.203.108
52,Virginie,Marcome,vmarcome1f@skyrock.com,Male,174.196.41.119
53,Theresina,Adhams,tadhams1g@uol.com.br,Male,20.41.80.7
54,Pepita,Van Salzberger,pvansalzberger1h@freewebs.com,Male,180.131.139.155
55,Benedict,Gossop,bgossop1i@macromedia.com,Male,142.234.54.157
56,Alexandre,Grissett,agrissett1j@vistaprint.com,Male,210.157.51.198
57,Charlotta,Frohock,cfrohock1k@domainmarket.com,Male,34.186.96.41
58,Karol,Mayho,kmayho1l@yellowpages.com,Male,138.245.5.233
59,Michele,Rodmell,mrodmell1m@networkadvertising.org,Male,134.201.248.106
60,Gan,Belcham,gbelcham1n@timesonline.co.uk,Male,85.250.61.72
61,Torey,Songist,tsongist1o@weebly.com,Male,42.202.202.93
62,Gwenny,Kubalek,gkubalek1p@ft.com,Male,249.188.68.176
63,Bibby,Ollarenshaw,bollarenshaw1q@technorati.com,Female,59.56.44.109
64,Pyotr,Kittman,pkittman1r@macromedia.com,Female,163.139.247.104
65,Rolph,Joyes,rjoyes1s@baidu.com,Male,114.27.138.63
66,Dara,Donegan,ddonegan1t@barnesandnoble.com,Female,248.41.201.43
67,Belle,Sanbrook,bsanbrook1u@about.com,Bigender,205.15.42.72
68,Benny,Drinkale,bdrinkale1v@ifeng.com,Bigender,122.255.132.96
69,Eve,Grangier,egrangier1w@t.co,Female,152.114.147.255
70,Christyna,Arnaldi,carnaldi1x@house.gov,Polygender,170.107.99.44
71,Lisha,Potteridge,lpotteridge1y@accuweather.com,Male,44.161.96.48
72,Aldric,Salmen,asalmen1z@123-reg.co.uk,Agender,31.153.131.146
73,Rafael,Scaddon,rscaddon20@desdev.cn,Female,118.150.231.81
74,Eliot,Joye,ejoye21@google.co.uk,Male,189.58.92.54
75,Dix,MacGiolla Pheadair,dmacgiollapheadair22@smugmug.com,Male,226.67.159.54
76,Piggy,Hovenden,phovenden23@gov.uk,Female,153.119.35.140
77,Waiter,Packington,wpackington24@businesswire.com,Male,229.27.210.234
78,Ruthanne,Urvoy,rurvoy25@infoseek.co.jp,Female,192.142.138.55
79,Yorker,Widger,ywidger26@amazon.com,Female,200.37.176.102
80,Jill,Capstack,jcapstack27@ft.com,Male,89.199.125.183
81,Francisco,Mungin,fmungin28@moonfruit.com,Female,53.231.141.59
82,Jeannie,Chennells,jchennells29@ted.com,Polygender,57.15.172.71
83,Leia,Filippov,lfilippov2a@chicagotribune.com,Male,101.9.193.246
84,Melva,Haylor,mhaylor2b@ebay.com,Male,215.108.157.225
85,Virgie,Parkman,vparkman2c@tuttocitta.it,Non-binary,186.108.44.22
86,Katie,Vakhrushin,kvakhrushin2d@youku.com,Female,17.210.9.214
87,Kacey,Mulryan,kmulryan2e@walmart.com,Male,37.55.187.59
88,Trixy,Foxten,tfoxten2f@opensource.org,Male,23.126.119.22
89,Udale,Gentle,ugentle2g@hud.gov,Female,38.5.145.27
90,Haroun,Houlson,hhoulson2h@instagram.com,Male,9.4.129.209
91,Lenci,Ransbury,lransbury2i@seattletimes.com,Male,157.245.21.255
92,Chryste,Tear,ctear2j@netlog.com,Female,58.54.124.117
93,Fremont,Mellows,fmellows2k@wikipedia.org,Female,141.239.177.175
94,Ivan,Overstall,ioverstall2l@printfriendly.com,Male,55.241.38.234
95,Christiano,Mustard,cmustard2m@cdbaby.com,Female,183.142.167.255
96,Yale,King,yking2n@icio.us,Male,86.214.79.193
97,Junette,Andrieu,jandrieu2o@dropbox.com,Male,203.83.104.119
98,Anton,Ostrich,aostrich2p@netlog.com,Male,82.176.48.250
99,Krystle,Hindmoor,khindmoor2q@chronoengine.com,Female,209.131.215.166
100,Rourke,Scrammage,rscrammage2r@artisteer.com,Male,141.189.241.156