1,Micky,Ruppelin,mruppelin0@alexa.com,Male,66.56.168.249
2,Berrie,Wanden,bwanden1@ucoz.com,Female,1.134.144.69
3,Julee,Paquet,jpaquet2@ycombinator.com,Male,244.227.33.194
4,Sydelle,Saxton,ssaxton3@webeden.co.uk,Female,186.217.74.93
5,Cly,Rist,crist4@wix.com,Female,12.99.211.78
6,Flemming,Leteurtre,fleteurtre5@whitehouse.gov,Male,121.188.71.193
7,Michaela,Embery,membery6@opensource.org,Genderfluid,9.55.157.174
8,Scott,Kilfoyle,skilfoyle7@over-blog.com,Female,2.88.170.28
9,Dominick,Jarrette,djarrette8@marriott.com,Female,62.26.27.21
10,Lira,Limrick,llimrick9@free.fr,Male,128.225.46.147
11,Frederik,Joye,fjoyea@alibaba.com,Female,44.3.180.249
12,Cati,Whiston,cwhistonb@issuu.com,Female,180.71.228.66
13,Verile,McReedy,vmcreedyc@rambler.ru,Male,168.124.173.231
14,Mechelle,Sweedy,msweedyd@goo.gl,Male,114.51.96.107
15,Rebbecca,O'Conor,roconore@hc360.com,Female,61.126.40.40
16,Tonia,Barnewille,tbarnewillef@shinystat.com,Non-binary,62.133.122.36
17,Kaylee,Ferrier,kferrierg@imgur.com,Agender,89.206.110.8
18,Obie,Bradford,obradfordh@multiply.com,Female,165.255.52.19
19,Teddie,Cheek,tcheeki@altervista.org,Female,143.142.238.211
20,Izzy,Wixey,iwixeyj@cdc.gov,Female,251.121.97.168
21,Abagael,Chretien,achretienk@1und1.de,Male,115.212.17.64
22,Marni,Marklow,mmarklowl@umich.edu,Female,235.113.35.64
23,Randa,Nevet,rnevetm@nhs.uk,Female,73.245.76.82
24,Florenza,Grimmolby,fgrimmolbyn@huffingtonpost.com,Bigender,55.121.140.40
25,Florina,Kubas,fkubaso@digg.com,Female,116.155.49.190
26,Gracia,Presnell,gpresnellp@blogs.com,Male,59.184.248.110
27,Peadar,Adlem,padlemq@patch.com,Male,108.239.46.164
28,Gail,Gatman,ggatmanr@businessinsider.com,Male,112.148.223.218
29,Maybelle,Sammars,msammarss@g.co,Female,226.71.16.0
30,Terrill,Sprakes,tsprakest@barnesandnoble.com,Male,122.244.161.34
31,Corly,Mulrooney,cmulrooneyu@nytimes.com,Agender,210.134.33.196
32,Lauren,Tebbit,ltebbitv@cisco.com,Male,232.106.221.100
33,Margalo,Huleatt,mhuleattw@forbes.com,Polygender,72.204.213.174
34,Valentina,Kerrigan,vkerriganx@a8.net,Female,9.208.236.108
35,Odo,Jeckell,ojeckelly@deliciousdays.com,Female,124.14.2.82
36,Tobie,Pevie,tpeviez@symantec.com,Female,170.229.79.214
37,Julie,Mortimer,jmortimer10@php.net,Female,78.219.164.167
38,Wynnie,Crooke,wcrooke11@twitpic.com,Female,200.191.229.37
39,Auria,Thaxton,athaxton12@wsj.com,Female,203.168.166.42
40,Mano,Woolfall,mwoolfall13@economist.com,Female,237.195.85.100
41,Jodie,McCaster,jmccaster14@goo.ne.jp,Female,85.151.117.180
42,Carmelle,Whiteley,cwhiteley15@networksolutions.com,Female,167.22.242.121
43,Ruddy,Andrys,randrys16@usa.gov,Female,142.172.56.184
44,Diandra,Lissenden,dlissenden17@i2i.jp,Male,113.146.89.24
45,Alexandros,Delacroux,adelacroux18@people.com.cn,Female,167.26.213.11
46,Hi,Hindhaugh,hhindhaugh19@yale.edu,Female,91.135.174.208
47,Enrika,Fairlie,efairlie1a@newyorker.com,Male,144.244.207.145
48,Luz,Doudny,ldoudny1b@odnoklassniki.ru,Female,17.4.69.241
49,Ola,Delmonti,odelmonti1c@bizjournals.com,Genderfluid,21.76.197.168
50,Jeramie,Haysey,jhaysey1d@comsenz.com,Male,187.21.203.171
51,Alisha,Addey,aaddey1e@wikispaces.com,Female,183.180.138.60
52,Ashlie,Jeffray,ajeffray1f@economist.com,Female,198.183.206.194
53,Ardath,Gianotti,agianotti1g@craigslist.org,Male,36.205.54.188
54,Gerard,Stother,gstother1h@statcounter.com,Female,11.15.4.67
55,Dillon,McGilvra,dmcgilvra1i@nps.gov,Female,4.23.64.221
56,Myra,Oag,moag1j@mlb.com,Male,194.226.165.242
57,Ailbert,Horwell,ahorwell1k@hud.gov,Male,157.234.131.136
58,Kelsi,Sandys,ksandys1l@omniture.com,Female,170.171.115.131
59,Vina,Hanbridge,vhanbridge1m@addtoany.com,Female,44.243.245.30
60,Kassie,Enefer,kenefer1n@cnn.com,Female,59.107.156.249
61,Isabelita,Trembey,itrembey1o@mail.ru,Female,17.190.206.214
62,Joni,Minchin,jminchin1p@oakley.com,Female,2.69.52.77
63,Pearle,Greguol,pgreguol1q@bloglovin.com,Male,173.245.86.1
64,Rebekah,Zanicchi,rzanicchi1r@techcrunch.com,Male,173.216.181.34
65,Booth,Catling,bcatling1s@go.com,Male,96.107.95.172
66,Pippa,Edgin,pedgin1t@ameblo.jp,Female,140.89.174.6
67,Johna,Goldie,jgoldie1u@godaddy.com,Male,227.83.235.212
68,Holt,MacIntosh,hmacintosh1v@mediafire.com,Male,153.87.235.152
69,Elsinore,Baltzar,ebaltzar1w@archive.org,Female,188.2.160.19
70,Bennie,Bignell,bbignell1x@mapy.cz,Male,241.36.232.255
71,Arley,Pettipher,apettipher1y@independent.co.uk,Female,89.115.245.227
72,Virgil,Emma,vemma1z@chron.com,Male,185.62.6.242
73,Lorita,Weir,lweir20@trellian.com,Genderfluid,241.133.18.198
74,Shayna,Ead,sead21@eepurl.com,Female,190.244.119.74
75,Jemie,Stradling,jstradling22@bizjournals.com,Male,140.165.104.150
76,Hollyanne,Setter,hsetter23@amazon.de,Female,152.78.80.169
77,Natal,Scartifield,nscartifield24@tiny.cc,Male,193.217.79.255
78,Ariana,Yakovlev,ayakovlev25@examiner.com,Female,31.143.135.49
79,Rob,Sleep,rsleep26@angelfire.com,Genderfluid,94.104.66.71
80,Celeste,Linnell,clinnell27@hubpages.com,Male,11.45.106.249
81,Sibby,Hobson,shobson28@apple.com,Agender,62.36.229.157
82,Veronike,Barbour,vbarbour29@rakuten.co.jp,Female,98.142.108.80
83,Jocko,Frango,jfrango2a@smugmug.com,Female,31.183.152.136
84,Mathe,Kadwallider,mkadwallider2b@npr.org,Genderfluid,98.238.151.240
85,Sharon,Fattorini,sfattorini2c@berkeley.edu,Male,18.234.147.223
86,Ian,Camillo,icamillo2d@squarespace.com,Male,160.171.248.194
87,Albrecht,Markie,amarkie2e@aol.com,Male,63.134.63.245
88,Enoch,Batch,ebatch2f@accuweather.com,Male,191.15.189.234
89,Lucille,Coniff,lconiff2g@joomla.org,Female,153.218.143.28
90,Sal,Lemar,slemar2h@woothemes.com,Agender,58.41.145.19
91,Friedrick,Gribbon,fgribbon2i@mit.edu,Male,187.151.57.200
92,Rianon,Osgodby,rosgodby2j@posterous.com,Female,189.162.156.71
93,Rodrique,Bastistini,rbastistini2k@about.com,Male,105.78.210.110
94,Ardenia,Vesque,avesque2l@gnu.org,Agender,40.130.180.114
95,Tod,Dymidowicz,tdymidowicz2m@reverbnation.com,Male,195.12.174.40
96,Kathrine,Killingback,kkillingback2n@indiegogo.com,Male,8.165.184.187
97,Derril,Le Marquand,dlemarquand2o@auda.org.au,Female,172.4.123.217
98,Milo,Brandom,mbrandom2p@java.com,Female,167.87.78.100
99,Merrilee,Hrycek,mhrycek2q@paginegialle.it,Male,236.243.146.214
100,Barret,Brame,bbrame2r@google.com.au,Female,38.48.124.40